RUNTIME,RPM,MPH,MAP,PSI,BRO,VAC,VE%,TPS,CTS,IAT,I/C,O2,G/S,SA,Rt,KnkCt,sPW,aPW,DC%,Sf,Ay,Ae,De,Id,Hw,Pe,Dc,Cl,Ln,Fn,Ac,Tc,Cp,Eg,Gr,Cl,INT,BLM,BPC,IAC,AFR,WB,dTPS,tpsAE,dMAP,mapAE,aePW,WB_0,
00:00:00,   0,  0, 98,  0, 98,  0, 72,  0, 72, 69, 72, 451,  0,10, 0,    0,45.258, 0.00,  0,N,N,N,N,Y,N,N,N,N,N,N,N,N,N,N,P/N, 0,128,128,140,112, 3.3,19.6, 0.0, 0.000, 0.0, 0.000,20.508,19.6,
00:01:53, 775,  0, 35,  0, 98, 63, 38,  0,100, 69, 99, 743, 17,25, 0,    0, 1.587, 0.00,  4,N,N,N,N,Y,N,N,N,N,N,N,N,N,N,N,P/N, 0,128,128,140, 32,12.0,13.1, 0.0, 0.000, 0.0, 0.000, 0.000,13.1,
00:01:53, 775,  0, 35,  0, 98, 63, 37,  0,100, 69, 99, 743, 17,25, 0,    0, 1.587, 0.00,  4,N,N,N,N,Y,N,N,N,N,N,N,N,N,N,N,P/N, 0,128,128,140, 32,12.0,13.1, 0.0, 0.000, 0.0, 0.000, 0.000,13.1,
00:01:53, 775,  0, 35,  0, 98, 63, 39,  0,100, 69, 99, 743, 17,25, 0,    0, 1.617, 0.00,  4,N,N,N,N,Y,N,N,N,N,N,N,N,N,N,N,P/N, 0,128,128,140, 32,12.0,13.1, 0.0, 0.000, 0.0, 0.000, 0.000,13.1,
00:01:53, 762,  0, 35,  0, 98, 63, 38,  0,100, 69, 99, 743, 16,26, 0,    0, 1.587, 0.00,  4,N,N,N,N,Y,N,N,N,N,N,N,N,N,N,N,P/N, 0,128,128,140, 32,12.0,13.2, 0.0, 0.000, 0.6, 0.000, 0.000,13.2,
00:01:53, 750,  0, 35,  0, 98, 63, 38,  0,100, 69, 99, 743, 17,28, 0,    0, 1.587, 0.00,  3,N,N,N,N,Y,N,N,N,N,N,N,N,N,N,N,P/N, 0,128,128,140, 32,12.0,13.1, 0.0, 0.000, 0.0, 0.000, 0.000,13.1,
00:01:53, 762,  0, 35,  0, 98, 63, 38,  0,100, 69, 99, 743, 17,26, 0,    0, 1.617, 0.00,  4,N,N,N,N,Y,N,N,N,N,N,N,N,N,N,N,P/N, 0,128,128,140, 32,12.0,13.1, 0.0, 0.000, 0.0, 0.000, 0.000,13.1,
00:01:53, 750,  0, 35,  0, 98, 63, 39,  0,100, 69, 99, 747, 17,28, 0,    0, 1.648, 0.00,  4,N,N,N,N,Y,N,N,N,N,N,N,N,N,N,N,P/N, 0,128,128,140, 32,12.0,13.2, 0.0, 0.000, 0.6, 0.000, 0.000,13.2,
00:01:53, 750,  0, 35,  0, 98, 63, 39,  0,100, 69, 99, 743, 18,28, 0,    0, 1.617, 0.00,  4,N,N,N,N,Y,N,N,N,N,N,N,N,N,N,N,P/N, 0,128,128,140, 32,12.0,13.1, 0.0, 0.000, 0.6, 0.000, 0.000,13.1,
00:01:53, 737,  0, 35,  0, 98, 63, 38,  0,100, 69, 99, 734, 17,28, 0,    0, 1.648, 0.00,  4,N,N,N,N,Y,N,N,N,N,N,N,N,N,N,N,P/N, 0,128,128,140, 32,12.0,13.1, 0.0, 0.000, 0.0, 0.000, 0.000,13.1,
00:01:53, 762,  0, 36,  0, 98, 62, 39,  0,100, 69, 99, 747, 17,26, 0,    0, 1.678, 0.00,  4,N,N,N,N,Y,N,N,N,N,N,N,N,N,N,N,P/N, 0,128,128,140, 32,12.0,13.1, 0.0, 0.000, 0.9, 0.000, 0.000,13.1,
00:01:53, 775,  0, 35,  0, 98, 63, 38,  0,100, 69, 99, 743, 17,25, 0,    0, 1.617, 0.00,  4,N,N,N,N,Y,N,N,N,N,N,N,N,N,N,N,P/N, 0,128,128,140, 32,12.0,13.1, 0.0, 0.000, 0.6, 0.000, 0.000,13.1,
00:01:53, 762,  0, 35,  0, 98, 63, 38,  0,100, 69, 99, 743, 16,26, 0,    0, 1.648, 0.00,  4,N,N,N,N,Y,N,N,N,N,N,N,N,N,N,N,P/N, 0,128,128,140, 32,12.0,13.1, 0.0, 0.000, 0.0, 0.000, 0.000,13.1,
00:01:53, 737,  0, 35,  0, 98, 63, 40,  0,100, 69, 99, 743, 18,28, 0,    0, 1.678, 0.00,  4,N,N,N,N,Y,N,N,N,N,N,N,N,N,N,N,P/N, 0,128,128,140, 32,12.0,13.1, 0.0, 0.000, 0.6, 0.000, 0.000,13.1,
00:01:53, 762,  0, 35,  0, 98, 63, 39,  0,100, 69, 99, 743, 17,26, 0,    0, 1.648, 0.00,  4,N,N,N,N,Y,N,N,N,N,N,N,N,N,N,N,P/N, 0,128,128,140, 32,12.0,13.1, 0.0, 0.000, 0.6, 0.000, 0.000,13.1,
00:01:53, 737,  0, 36,  0, 98, 62, 38,  0,100, 69, 99, 747, 16,28, 0,    0, 1.587, 0.00,  3,N,N,N,N,Y,N,N,N,N,N,N,N,N,N,N,P/N, 0,128,128,140, 32,12.0,13.0, 0.0, 0.000, 0.9, 0.000, 0.000,13.0,
00:01:54, 750,  0, 35,  0, 98, 63, 40,  0,100, 69, 99, 738, 18,28, 0,    0, 1.678, 0.00,  4,N,N,N,N,Y,N,N,N,N,N,N,N,N,N,N,P/N, 0,128,128,140, 32,12.0,13.1, 0.0, 0.000, 0.0, 0.000, 0.000,13.1,
00:01:54, 775,  0, 36,  0, 98, 63, 39,  0,100, 69, 99, 743, 17,25, 0,    0, 1.648, 0.00,  4,N,N,N,N,Y,N,N,N,N,N,N,N,N,N,N,P/N, 0,128,128,140, 32,12.0,13.0, 0.0, 0.000, 0.6, 0.000, 0.000,13.0,
00:01:54, 762,  0, 36,  0, 98, 63, 38,  0,100, 69, 99, 747, 16,26, 0,    0, 1.617, 0.00,  4,N,N,N,N,Y,N,N,N,N,N,N,N,N,N,N,P/N, 0,128,128,140, 32,12.0,13.1, 0.0, 0.000, 0.3, 0.000, 0.000,13.1,
00:01:54, 775,  0, 35,  0, 98, 63, 39,  0,100, 69, 99, 743, 17,25, 0,    0, 1.648, 0.00,  4,N,N,N,N,Y,N,N,N,N,N,N,N,N,N,N,P/N, 0,128,128,140, 32,12.0,13.1, 0.0, 0.000, 0.0, 0.000, 0.000,13.1,
00:01:54, 787,  0, 36,  0, 98, 63, 39,  0,100, 69, 99, 747, 18,24, 0,    0, 1.648, 0.00,  4,N,N,N,N,Y,N,N,N,N,N,N,N,N,N,N,P/N, 0,128,128,140, 32,12.0,13.0, 0.0, 0.000, 0.0, 0.000, 0.000,13.0,
00:01:54, 762,  0, 36,  0, 98, 63, 38,  0,100, 69, 99, 747, 16,26, 0,    0, 1.587, 0.00,  4,N,N,N,N,Y,N,N,N,N,N,N,N,N,N,N,P/N, 0,128,128,140, 32,12.0,13.0, 0.0, 0.000, 0.3, 0.000, 0.000,13.0,
00:01:54, 762,  0, 36,  0, 98, 63, 39,  0,100, 69, 99, 747, 17,24, 0,    0, 1.648, 0.00,  4,N,N,N,N,Y,N,N,N,N,N,N,N,N,N,N,P/N, 0,128,128,140, 32,12.0,12.9, 0.0, 0.000, 0.3, 0.000, 0.000,12.9,
00:01:54, 750,  0, 36,  0, 98, 63, 39,  0,100, 69, 99, 738, 17,28, 0,    0, 1.648, 0.00,  4,N,N,N,N,Y,N,N,N,N,N,N,N,N,N,N,P/N, 0,128,128,140, 32,12.0,13.0, 0.0, 0.000, 0.3, 0.000, 0.000,13.0,
00:01:54, 750,  0, 36,  0, 98, 63, 40,  0,100, 69, 99, 747, 18,28, 0,    0, 1.678, 0.00,  4,N,N,N,N,Y,N,N,N,N,N,N,N,N,N,N,P/N, 0,128,128,140, 32,12.0,13.0, 0.0, 0.000, 0.3, 0.000, 0.000,13.0,
00:01:54, 775,  0, 36,  0, 98, 63, 39,  0,100, 69, 99, 747, 17,28, 0,    0, 1.648, 0.00,  4,N,N,N,N,Y,N,N,N,N,N,N,N,N,N,N,P/N, 0,128,128,140, 32,12.0,13.0, 0.0, 0.000, 0.3, 0.000, 0.000,13.0,
00:01:54, 750,  0, 36,  0, 98, 63, 39,  0,100, 69, 99, 747, 16,28, 0,    0, 1.648, 0.00,  4,N,N,N,N,Y,N,N,N,N,N,N,N,N,N,N,P/N, 0,128,128,140, 32,12.0,13.0, 0.0, 0.000, 0.3, 0.000, 0.000,13.0,
00:01:54, 762,  0, 35,  0, 98, 63, 39,  0,100, 69, 99, 747, 17,26, 0,    0, 1.617, 0.00,  4,N,N,N,N,Y,N,N,N,N,N,N,N,N,N,N,P/N, 0,128,128,140, 32,12.0,12.8, 0.0, 0.000, 0.0, 0.000, 0.000,12.8,
00:01:54, 775,  0, 35,  0, 98, 63, 37,  0,100, 69, 99, 747, 17,25, 0,    0, 1.648, 0.00,  4,N,N,N,N,Y,N,N,N,N,N,N,N,N,N,N,P/N, 0,128,128,140, 32,12.0,12.9, 0.0, 0.000, 0.0, 0.000, 0.000,12.9,
00:01:54, 762,  0, 36,  0, 98, 63, 38,  0,100, 69, 99, 743, 16,26, 0,    0, 1.617, 0.00,  4,N,N,N,N,Y,N,N,N,N,N,N,N,N,N,N,P/N, 0,128,128,140, 32,12.0,12.8, 0.0, 0.000, 0.0, 0.000, 0.000,12.8,
00:01:54, 775,  0, 35,  0, 98, 63, 39,  0,100, 69, 99, 747, 17,25, 0,    0, 1.617, 0.00,  4,N,N,N,N,Y,N,N,N,N,N,N,N,N,N,N,P/N, 0,128,128,140, 32,12.0,12.9, 0.0, 0.000, 0.0, 0.000, 0.000,12.9,
00:01:54, 762,  0, 36,  0, 98, 63, 38,  0,100, 69, 99, 747, 17,28, 0,    0, 1.648, 0.00,  4,N,N,N,N,Y,N,N,N,N,N,N,N,N,N,N,P/N, 0,128,128,140, 32,12.0,13.0, 0.0, 0.000, 0.3, 0.000, 0.000,13.0,
00:01:54, 762,  0, 35,  0, 98, 63, 39,  0,100, 69, 99, 747, 17,28, 0,    0, 1.617, 0.00,  4,N,N,N,N,Y,N,N,N,N,N,N,N,N,N,N,P/N, 0,128,128,140, 32,12.0,13.0, 0.0, 0.000, 0.0, 0.000, 0.000,13.0,
00:01:55, 750,  0, 36,  0, 98, 63, 40,  0,100, 69, 99, 747, 18,28, 0,    0, 1.678, 0.00,  4,N,N,N,N,Y,N,N,N,N,N,N,N,N,N,N,P/N, 0,128,128,140, 32,12.0,13.0, 0.0, 0.000, 0.3, 0.000, 0.000,13.0,
00:01:55, 750,  0, 36,  0, 98, 63, 40,  0,100, 69, 99, 747, 17,28, 0,    0, 1.617, 0.00,  4,N,N,N,N,Y,N,N,N,N,N,N,N,N,N,N,P/N, 0,128,128,140, 32,12.0,13.0, 0.0, 0.000, 0.3, 0.000, 0.000,13.0,
00:01:55, 762,  0, 36,  0, 98, 63, 39,  0,100, 69, 99, 743, 16,28, 0,    0, 1.648, 0.00,  4,N,N,N,N,Y,N,N,N,N,N,N,N,N,N,N,P/N, 0,128,128,140, 32,12.0,13.0, 0.0, 0.000, 0.0, 0.000, 0.000,13.0,
00:01:55, 737,  0, 36,  0, 98, 63, 39,  0,102, 69,100, 747, 17,28, 0,    0, 1.648, 0.00,  4,N,N,N,N,Y,N,N,N,N,N,N,N,N,N,N,P/N, 0,128,128,140, 32,12.0,13.0, 0.0, 0.000, 0.3, 0.000, 0.000,13.0,
00:01:55, 737,  0, 36,  0, 98, 62, 39,  0,102, 69,100, 747, 17,28, 0,    0, 1.678, 0.00,  4,N,N,N,N,Y,N,N,N,N,N,N,N,N,N,N,P/N, 0,128,128,140, 32,12.0,13.0, 0.0, 0.000, 0.6, 0.000, 0.000,13.0,
00:01:55, 762,  0, 36,  0, 98, 63, 38,  0,102, 69,100, 747, 17,25, 0,    0, 1.617, 0.00,  4,N,N,N,N,Y,N,N,N,N,N,N,N,N,N,N,P/N, 0,128,128,140, 32,12.0,13.0, 0.0, 0.000, 0.3, 0.000, 0.000,13.0,
00:01:55, 762,  0, 36,  0, 98, 62, 40,  0,102, 69,100, 747, 17,25, 0,    0, 1.678, 0.00,  4,N,N,N,N,Y,N,N,N,N,N,N,N,N,N,N,P/N, 0,128,128,140, 32,12.0,13.0, 0.0, 0.000, 0.0, 0.000, 0.000,13.0,
00:01:55, 775,  0, 36,  0, 98, 63, 39,  0,102, 69,100, 747, 18,24, 0,    0, 1.648, 0.00,  4,N,N,N,N,Y,N,N,N,N,N,N,N,N,N,N,P/N, 0,128,128,140, 32,12.0,13.1, 0.0, 0.000, 0.3, 0.000, 0.000,13.1,
00:01:55, 762,  0, 35,  0, 98, 63, 38,  0,102, 69,100, 743, 16,24, 0,    0, 1.617, 0.00,  4,N,N,N,N,Y,N,N,N,N,N,N,N,N,N,N,P/N, 0,128,128,140, 32,12.0,13.0, 0.0, 0.000, 0.0, 0.000, 0.000,13.0,
00:01:55, 775,  0, 35,  0, 98, 63, 39,  0,102, 69,100, 747, 16,24, 0,    0, 1.648, 0.00,  4,N,N,N,N,Y,N,N,N,N,N,N,N,N,N,N,P/N, 0,128,128,140, 32,12.0,13.0, 0.0, 0.000, 0.0, 0.000, 0.000,13.0,
00:01:55, 762,  0, 35,  0, 98, 63, 38,  0,102, 69,100, 743, 16,25, 0,    0, 1.617, 0.00,  4,N,N,N,N,Y,N,N,N,N,N,N,N,N,N,N,P/N, 0,128,128,140, 32,12.0,13.0, 0.0, 0.000, 0.0, 0.000, 0.000,13.0,
00:01:55, 750,  0, 36,  0, 98, 63, 38,  0,102, 69,100, 747, 17,26, 0,    0, 1.617, 0.00,  4,N,N,N,N,Y,N,N,N,N,N,N,N,N,N,N,P/N, 0,128,128,140, 32,12.0,13.1, 0.0, 0.000, 0.3, 0.000, 0.000,13.1,
00:01:55, 762,  0, 36,  0, 98, 63, 39,  0,102, 69,100, 743, 17,25, 0,    0, 1.648, 0.00,  4,N,N,N,N,Y,N,N,N,N,N,N,N,N,N,N,P/N, 0,128,128,140, 32,12.0,13.1, 0.0, 0.000, 0.0, 0.000, 0.000,13.1,
00:01:55, 787,  0, 36,  0, 98, 63, 39,  0,102, 69,100, 743, 17,24, 0,    0, 1.648, 0.00,  4,N,N,N,N,Y,N,N,N,N,N,N,N,N,N,N,P/N, 0,128,128,140, 32,12.0,13.1, 0.0, 0.000, 0.0, 0.000, 0.000,13.1,
00:01:55, 737,  0, 36,  0, 98, 62, 38,  0,102, 69,100, 747, 17,25, 0,    0, 1.587, 0.00,  3,N,N,N,N,Y,N,N,N,N,N,N,N,N,N,N,P/N, 0,128,128,140, 32,12.0,13.1, 0.0, 0.000, 0.6, 0.000, 0.000,13.1,
00:01:55, 762,  0, 36,  0, 98, 63, 38,  0,102, 69,100, 747, 16,28, 0,    0, 1.617, 0.00,  4,N,N,N,N,Y,N,N,N,N,N,N,N,N,N,N,P/N, 0,128,128,140, 32,12.0,13.1, 0.0, 0.000, 0.6, 0.000, 0.000,13.1,
00:01:55, 762,  0, 36,  0, 98, 63, 40,  0,102, 69,100, 747, 17,25, 0,    0, 1.678, 0.00,  4,N,N,N,N,Y,N,N,N,N,N,N,N,N,N,N,P/N, 0,128,128,140, 32,12.0,13.1, 0.0, 0.000, 0.0, 0.000, 0.000,13.1,
00:01:55, 737,  0, 36,  0, 98, 63, 40,  0,102, 69,100, 747, 17,28, 0,    0, 1.678, 0.00,  4,N,N,N,N,Y,N,N,N,N,N,N,N,N,N,N,P/N, 0,128,128,140, 32,12.0,13.1, 0.0, 0.000, 0.3, 0.000, 0.000,13.1,
00:01:56, 775,  0, 35,  0, 98, 63, 39,  0,102, 69,100, 747, 17,25, 0,    0, 1.617, 0.00,  4,N,N,N,N,Y,N,N,N,N,N,N,N,N,N,N,P/N, 0,128,128,140, 31,12.0,13.1, 0.0, 0.000, 0.6, 0.000, 0.000,13.1,
00:01:56, 762,  0, 36,  0, 98, 63, 38,  0,102, 69,100, 743, 17,25, 0,    0, 1.617, 0.00,  4,N,N,N,N,Y,N,N,N,N,N,N,N,N,N,N,P/N, 0,128,128,140, 31,12.0,13.0, 0.0, 0.000, 0.0, 0.000, 0.000,13.0,
00:01:56, 750,  0, 35,  0, 98, 63, 40,  0,102, 69,100, 747, 18,26, 0,    0, 1.648, 0.00,  4,N,N,N,N,Y,N,N,N,N,N,N,N,N,N,N,P/N, 0,128,128,140, 31,12.0,13.0, 0.0, 0.000, 0.0, 0.000, 0.000,13.0,
00:01:56, 762,  0, 35,  0, 98, 63, 38,  0,102, 69,100, 747, 17,26, 0,    0, 1.617, 0.00,  4,N,N,N,N,Y,N,N,N,N,N,N,N,N,N,N,P/N, 0,128,128,140, 31,12.0,13.0, 0.0, 0.000, 0.3, 0.000, 0.000,13.0,
00:01:56, 762,  0, 35,  0, 98, 63, 38,  0,102, 69,100, 747, 17,25, 0,    0, 1.587, 0.00,  4,N,N,N,N,Y,N,N,N,N,N,N,N,N,N,N,P/N, 0,128,128,140, 31,12.0,13.0, 0.0, 0.000, 0.0, 0.000, 0.000,13.0,
00:01:56, 737,  0, 36,  0, 98, 63, 38,  0,102, 69,100, 747, 17,28, 0,    0, 1.617, 0.00,  3,N,N,N,N,Y,N,N,N,N,N,N,N,N,N,N,P/N, 0,128,128,140, 31,12.0,13.0, 0.0, 0.000, 0.0, 0.000, 0.000,13.0,
00:01:56, 775,  0, 35,  0, 98, 63, 39,  0,102, 69,100, 747, 17,24, 0,    0, 1.648, 0.00,  4,N,N,N,N,Y,N,N,N,N,N,N,N,N,N,N,P/N, 0,128,128,140, 31,12.0,13.0, 0.0, 0.000, 0.0, 0.000, 0.000,13.0,
00:01:56, 762,  0, 35,  0, 98, 63, 38,  0,102, 69,100, 747, 17,25, 0,    0, 1.617, 0.00,  4,N,N,N,N,Y,N,N,N,N,N,N,N,N,N,N,P/N, 0,128,128,140, 31,12.0,13.0, 0.0, 0.000, 0.0, 0.000, 0.000,13.0,
00:01:56, 762,  0, 35,  0, 98, 63, 38,  0,102, 69,100, 747, 17,25, 0,    0, 1.587, 0.00,  4,N,N,N,N,Y,N,N,N,N,N,N,N,N,N,N,P/N, 0,128,128,140, 31,12.0,13.0, 0.0, 0.000, 0.0, 0.000, 0.000,13.0,
00:01:56, 762,  0, 35,  0, 98, 63, 39,  0,102, 69,100, 747, 17,25, 0,    0, 1.648, 0.00,  4,N,N,N,N,Y,N,N,N,N,N,N,N,N,N,N,P/N, 0,128,128,140, 31,12.0,13.0, 0.0, 0.000, 0.0, 0.000, 0.000,13.0,
00:01:56, 762,  0, 35,  0, 98, 63, 38,  0,102, 69,100, 751, 16,25, 0,    0, 1.617, 0.00,  4,N,N,N,N,Y,N,N,N,N,N,N,N,N,N,N,P/N, 0,128,128,140, 31,12.0,13.0, 0.0, 0.000, 0.0, 0.000, 0.000,13.0,
00:01:56, 787,  0, 35,  0, 98, 63, 37,  0,102, 69,100, 751, 16,24, 0,    0, 1.587, 0.00,  4,N,N,N,N,Y,N,N,N,N,N,N,N,N,N,N,P/N, 0,128,128,140, 31,12.0,13.0, 0.0, 0.000, 0.0, 0.000, 0.000,13.0,
00:01:56, 750,  0, 35,  0, 98, 63, 38,  0,102, 69,100, 747, 16,26, 0,    0, 1.617, 0.00,  4,N,N,N,N,Y,N,N,N,N,N,N,N,N,N,N,P/N, 0,128,128,140, 31,12.0,12.9, 0.0, 0.000, 0.0, 0.000, 0.000,12.9,
00:01:56, 737,  0, 36,  0, 98, 63, 39,  0,102, 69,100, 751, 17,26, 0,    0, 1.648, 0.00,  4,N,N,N,N,Y,N,N,N,N,N,N,N,N,N,N,P/N, 0,128,128,140, 31,12.0,12.9, 0.0, 0.000, 0.3, 0.000, 0.000,12.9,
00:01:56, 762,  0, 35,  0, 98, 63, 38,  0,102, 69,100, 747, 16,25, 0,    0, 1.617, 0.00,  4,N,N,N,N,Y,N,N,N,N,N,N,N,N,N,N,P/N, 0,128,128,140, 30,12.0,12.8, 0.0, 0.000, 0.3, 0.000, 0.000,12.8,
00:01:56, 737,  0, 36,  0, 98, 63, 40,  0,102, 69,100, 751, 17,28, 0,    0, 1.678, 0.00,  4,N,N,N,N,Y,N,N,N,N,N,N,N,N,N,N,P/N, 0,128,128,140, 30,12.0,12.9, 0.0, 0.000, 0.3, 0.000, 0.000,12.9,
00:01:56, 750,  0, 36,  0, 98, 63, 39,  0,102, 69,100, 751, 16,28, 0,    0, 1.648, 0.00,  4,N,N,N,N,Y,N,N,N,N,N,N,N,N,N,N,P/N, 0,128,128,140, 30,12.0,12.9, 0.0, 0.000, 0.3, 0.000, 0.000,12.9,
00:01:57, 750,  0, 36,  0, 98, 63, 40,  0,102, 69,100, 751, 17,26, 0,    0, 1.678, 0.00,  4,N,N,N,N,Y,N,N,N,N,N,N,N,N,N,N,P/N, 0,128,128,140, 30,12.0,12.9, 0.0, 0.000, 0.3, 0.000, 0.000,12.9,
00:01:57, 725,  0, 36,  0, 98, 62, 39,  0,102, 69,100, 751, 16,28, 0,    0, 1.648, 0.00,  3,N,N,N,N,Y,N,N,N,N,N,N,N,N,N,N,P/N, 0,128,128,140, 30,12.0,12.9, 0.0, 0.000, 0.6, 0.000, 0.000,12.9,
00:01:57, 750,  0, 36,  0, 98, 63, 39,  0,102, 69,100, 751, 17,28, 0,    0, 1.648, 0.00,  4,N,N,N,N,Y,N,N,N,N,N,N,N,N,N,N,P/N, 0,128,128,140, 30,12.0,12.9, 0.0, 0.000, 0.3, 0.000, 0.000,12.9,
00:01:57, 737,  0, 36,  0, 98, 62, 39,  0,102, 69,100, 747, 17,28, 0,    0, 1.678, 0.00,  4,N,N,N,N,Y,N,N,N,N,N,N,N,N,N,N,P/N, 0,128,128,140, 30,12.0,12.9, 0.0, 0.000, 0.3, 0.000, 0.000,12.9,
00:01:57, 737,  0, 36,  0, 98, 63, 40,  0,102, 69,100, 747, 17,28, 0,    0, 1.678, 0.00,  4,N,N,N,N,Y,N,N,N,N,N,N,N,N,N,N,P/N, 0,128,128,140, 30,12.0,12.9, 0.0, 0.000, 0.0, 0.000, 0.000,12.9,
00:01:57, 762,  0, 36,  0, 98, 62, 39,  0,102, 69,100, 747, 17,26, 0,    0, 1.648, 0.00,  4,N,N,N,N,Y,N,N,N,N,N,N,N,N,N,N,P/N, 0,128,128,140, 30,12.0,12.9, 0.0, 0.000, 0.3, 0.000, 0.000,12.9,
00:01:57, 737,  0, 36,  0, 98, 63, 39,  0,102, 69,100, 747, 16,28, 0,    0, 1.648, 0.00,  4,N,N,N,N,Y,N,N,N,N,N,N,N,N,N,N,P/N, 0,128,128,140, 30,12.0,13.0, 0.0, 0.000, 0.3, 0.000, 0.000,13.0,
00:01:57, 725,  0, 36,  0, 98, 62, 39,  0,102, 69,100, 747, 17,28, 0,    0, 1.678, 0.00,  4,N,N,N,N,Y,N,N,N,N,N,N,N,N,N,N,P/N, 0,128,128,140, 30,12.0,13.0, 0.0, 0.000, 0.3, 0.000, 0.000,13.0,
00:01:57, 750,  0, 36,  0, 98, 63, 39,  0,102, 69,100, 734, 16,26, 0,    0, 1.678, 0.00,  4,N,N,N,N,Y,N,N,N,N,N,N,N,N,N,N,P/N, 0,128,128,140, 30,12.0,12.7, 0.0, 0.000, 0.6, 0.000, 0.000,12.7,
00:01:57, 737,  0, 36,  0, 98, 62, 40,  0,102, 69,100, 751, 17,28, 0,    0, 1.709, 0.00,  4,N,N,N,N,Y,N,N,N,N,N,N,N,N,N,N,P/N, 0,128,128,140, 30,12.0,12.9, 0.0, 0.000, 0.3, 0.000, 0.000,12.9,
00:01:57, 762,  0, 36,  0, 98, 62, 40,  0,102, 69,100, 747, 17,25, 0,    0, 1.678, 0.00,  4,N,N,N,N,Y,N,N,N,N,N,N,N,N,N,N,P/N, 0,128,128,140, 29,12.0,13.0, 0.0, 0.000, 0.3, 0.000, 0.000,13.0,
00:01:57, 750,  0, 36,  0, 98, 63, 39,  0,102, 69,100, 747, 16,26, 0,    0, 1.648, 0.00,  4,N,N,N,N,Y,N,N,N,N,N,N,N,N,N,N,P/N, 0,128,128,140, 29,12.0,13.0, 0.0, 0.000, 0.0, 0.000, 0.000,13.0,
00:01:57, 737,  0, 36,  0, 98, 63, 39,  0,102, 69,100, 751, 16,28, 0,    0, 1.648, 0.00,  4,N,N,N,N,Y,N,N,N,N,N,N,N,N,N,N,P/N, 0,128,128,140, 29,12.0,13.0, 0.0, 0.000, 0.0, 0.000, 0.000,13.0,
00:01:57, 750,  0, 36,  0, 98, 63, 39,  0,102, 69,100, 747, 16,26, 0,    0, 1.648, 0.00,  4,N,N,N,N,Y,N,N,N,N,N,N,N,N,N,N,P/N, 0,128,128,140, 29,12.0,13.0, 0.0, 0.000, 0.0, 0.000, 0.000,13.0,
00:01:57, 737,  0, 36,  0, 98, 63, 38,  0,102, 69,100, 747, 17,28, 0,    0, 1.587, 0.00,  3,N,N,N,N,Y,N,N,N,N,N,N,N,N,N,N,P/N, 0,128,128,140, 29,12.0,13.0, 0.0, 0.000, 0.0, 0.000, 0.000,13.0,
00:01:57, 750,  0, 36,  0, 98, 63, 39,  0,102, 69,100, 747, 17,26, 0,    0, 1.648, 0.00,  4,N,N,N,N,Y,N,N,N,N,N,N,N,N,N,N,P/N, 0,128,128,140, 29,12.0,13.0, 0.0, 0.000, 0.0, 0.000, 0.000,13.0,
00:01:57, 775,  0, 36,  0, 98, 63, 39,  0,102, 69,100, 747, 16,24, 0,    0, 1.648, 0.00,  4,N,N,N,N,Y,N,N,N,N,N,N,N,N,N,N,P/N, 0,128,128,140, 29,12.0,13.0, 0.0, 0.000, 0.0, 0.000, 0.000,13.0,
00:01:58, 737,  0, 36,  0, 98, 63, 38,  0,102, 69,100, 751, 17,28, 0,    0, 1.587, 0.00,  3,N,N,N,N,Y,N,N,N,N,N,N,N,N,N,N,P/N, 0,128,128,140, 29,12.0,13.0, 0.0, 0.000, 0.0, 0.000, 0.000,13.0,
00:01:58, 762,  0, 35,  0, 98, 63, 38,  0,102, 69,100, 751, 16,25, 0,    0, 1.587, 0.00,  4,N,N,N,N,Y,N,N,N,N,N,N,N,N,N,N,P/N, 0,128,128,140, 29,12.0,12.9, 0.0, 0.000, 0.0, 0.000, 0.000,12.9,
00:01:58, 762,  0, 35,  0, 98, 63, 38,  0,102, 69,100, 743, 16,25, 0,    0, 1.617, 0.00,  4,N,N,N,N,Y,N,N,N,N,N,N,N,N,N,N,P/N, 0,128,128,140, 29,12.0,13.0, 0.0, 0.000, 0.0, 0.000, 0.000,13.0,
00:01:58, 737,  0, 35,  0, 98, 63, 39,  0,102, 69,100, 751, 16,28, 0,    0, 1.648, 0.00,  4,N,N,N,N,Y,N,N,N,N,N,N,N,N,N,N,P/N, 0,128,128,140, 29,12.0,12.8, 0.0, 0.000, 0.0, 0.000, 0.000,12.8,
00:01:58, 750,  0, 35,  0, 98, 63, 39,  0,102, 69,100, 751, 17,26, 0,    0, 1.648, 0.00,  4,N,N,N,N,Y,N,N,N,N,N,N,N,N,N,N,P/N, 0,128,128,140, 29,12.0,12.9, 0.0, 0.000, 0.3, 0.000, 0.000,12.9,
00:01:58, 737,  0, 35,  0, 98, 63, 38,  0,102, 69,100, 751, 16,28, 0,    0, 1.617, 0.00,  3,N,N,N,N,Y,N,N,N,N,N,N,N,N,N,N,P/N, 0,128,128,140, 29,12.0,12.9, 0.0, 0.000, 0.3, 0.000, 0.000,12.9,
00:01:58, 762,  0, 35,  0, 98, 63, 40,  2,102, 69,100, 751, 17,25, 0,    0, 2.838, 0.00,  7,N,N,N,N,Y,N,N,N,N,N,N,N,N,N,N,P/N, 1,128,128,140, 33,12.0,12.8, 2.3, 0.061, 0.0, 0.000, 2.029,12.8,
00:01:58, 762,  0, 41,  0, 98, 56, 45, 13,102, 69,100, 747, 19,32, 0,    0, 8.026, 0.00, 20,N,N,Y,N,N,N,N,N,N,N,N,N,N,N,N,P/N, 1,128,128,140, 43,12.0,12.7,10.5, 0.519, 4.4, 0.061, 7.385,12.7,
00:01:58, 775,  0, 75,  0, 98, 24, 68, 33,102, 69,100, 751, 33,31, 0,    0,21.240, 0.00, 54,N,N,Y,N,N,N,N,N,N,N,N,N,N,N,N,P/N, 1,128,128,140, 52,11.6,12.7,24.6, 1.099,32.8, 0.534,16.632,12.7,
00:01:58, 937,  0, 96,  0, 98,  3, 72, 54,102, 69, 99, 747, 43,19, 0,    0,23.407, 0.00, 73,N,N,Y,N,N,N,N,N,N,N,N,N,N,N,N,P/N, 1,128,128,140, 61,11.6,12.8,36.7, 1.190,58.8, 0.549,15.854,12.8,
00:01:58,1225,  0, 95,  0, 98,  3, 71, 52,102, 69, 99, 690, 55,23, 0,    0,16.266, 0.00, 66,N,N,Y,N,N,N,N,N,N,N,N,N,N,N,N,P/N, 1,128,128,140, 71,11.6,13.6,22.7, 0.580,52.2, 0.519, 6.027,13.6,
00:01:58,1600,  0, 79,  0, 98, 19, 63, 21,102, 69, 98, 557, 71,26, 0,    0, 6.165, 0.00, 32,N,N,Y,N,N,N,N,N,N,N,N,N,N,N,N,P/N, 1,128,128,140, 80,12.3,14.4, 0.0, 0.000,35.0, 0.183, 1.251,14.4,
00:01:58,1987,  0, 59,  0, 98, 39, 61, 21,102, 69, 98, 743, 65,44, 0,    0, 4.242, 0.00, 28,N,N,Y,N,N,N,N,N,N,N,N,N,N,N,N,P/N, 1,128,128,140, 90,12.5,13.5, 0.0, 0.000,10.9, 0.046, 0.793,13.5,
00:01:58,1787,  0, 56,  0, 98, 43, 60, 11,102, 69, 96, 756, 62,44, 0,    0, 3.876, 0.00, 23,N,N,Y,N,N,N,N,N,N,N,N,N,N,N,N,P/N, 1,128,128,140, 99,12.5,12.5, 0.0, 0.000, 6.3, 0.031, 0.488,12.5,
00:01:58,1625,  0, 41,  0, 98, 57, 54,  0,102, 69, 98, 636, 50,27, 0,    0, 2.106, 0.00, 11,N,N,Y,Y,Y,N,N,N,N,N,N,N,N,N,N,P/N, 2,128,128,140,108,12.6,12.5, 0.0, 0.000, 0.0, 0.000, 0.488,12.5,
00:01:58,1487,  0, 35,  0, 98, 63, 53,  0,102, 69, 98, 513, 45,27, 0,    0, 1.740, 0.00,  8,N,N,Y,Y,Y,N,N,N,N,N,N,N,N,N,N,P/N, 2,128,128,140,118,12.3,13.0, 0.0, 0.000, 0.0, 0.000, 0.595,13.0,
00:01:58,1325,  0, 34,  0, 98, 64, 51,  0,102, 69, 99, 469, 40,27, 0,    0, 1.862, 0.00,  8,N,N,Y,Y,Y,N,N,N,N,N,N,N,N,N,N,P/N, 2,128,128,140,127,12.3,13.6, 0.0, 0.000, 0.0, 0.000, 0.595,13.6,
00:01:59,1262,  0, 37,  0, 98, 62, 50,  0,102, 69, 99, 464, 32,27, 0,    0, 2.136, 0.00,  8,N,N,Y,Y,Y,N,N,N,N,N,N,N,N,N,N,P/N, 2,128,128,140,131,12.5,13.6, 0.0, 0.000, 0.0, 0.000, 0.000,13.6,
00:01:59,1125,  0, 39,  0, 98, 59, 50,  0,102, 69, 99, 451, 31,27, 0,    0, 1.862, 0.00,  6,N,N,N,Y,Y,N,N,N,N,N,N,N,N,N,N,P/N, 2,128,128,140,121,12.5,14.1, 0.0, 0.000, 0.0, 0.000, 0.000,14.1,
00:01:59,1137,  0, 41,  0, 98, 58, 50,  0,102, 69, 99, 473, 32,27, 0,    0, 1.862, 0.00,  7,N,N,N,Y,Y,N,N,N,N,N,N,N,N,N,N,P/N, 2,128,128,140,120,12.5,14.0, 0.0, 0.000, 0.0, 0.000, 0.000,14.0,
00:01:59,1137,  0, 40,  0, 98, 58, 49,  0,102, 69, 99, 557, 33,27, 0,    0, 1.801, 0.00,  6,N,N,N,Y,Y,N,N,N,N,N,N,N,N,N,N,P/N, 2,128,128,140,120,12.5,13.4, 0.0, 0.000, 0.0, 0.000, 0.000,13.4,
00:01:59,1137,  0, 39,  0, 98, 59, 49,  0,102, 69, 99, 738, 31,27, 0,    0, 1.862, 0.00,  7,N,N,N,Y,Y,N,N,N,N,N,N,N,N,N,N,P/N, 2,128,128,140,112,12.5,12.1, 0.0, 0.000, 0.0, 0.000, 0.000,12.1,
00:01:59,1100,  0, 39,  0, 98, 59, 50,  0,102, 69, 99, 782, 32,27, 0,    0, 1.831, 0.00,  6,N,N,N,Y,Y,N,N,N,N,N,N,N,N,N,N,P/N, 2,128,128,140,108,12.5,10.7, 0.0, 0.000, 0.0, 0.000, 0.000,10.7,
00:01:59,1150,  0, 38,  0, 98, 60, 50,  0,102, 69, 99, 787, 33,27, 0,    0, 1.770, 0.00,  6,N,N,N,Y,Y,N,N,N,N,N,N,N,N,N,N,P/N, 2,128,128,140,108,12.5,10.1, 0.0, 0.000, 0.0, 0.000, 0.000,10.1,
00:01:59,1175,  0, 37,  0, 98, 61, 49,  0,102, 69, 99, 787, 33,27, 0,    0, 1.648, 0.00,  6,N,N,N,Y,Y,N,N,N,N,N,N,N,N,N,N,P/N, 2,128,128,140,104,12.5, 9.8, 0.0, 0.000, 0.0, 0.000, 0.000, 9.8,
00:01:59,1200,  0, 36,  0, 98, 62, 50,  0,102, 69, 99, 787, 33,27, 0,    0, 1.648, 0.00,  6,N,N,N,Y,Y,N,N,N,N,N,N,N,N,N,N,P/N, 2,128,128,140, 98,12.5, 9.7, 0.0, 0.000, 0.0, 0.000, 0.000, 9.7,
00:01:59,1212,  0, 34,  0, 98, 64, 47,  0,102, 69, 99, 787, 34,27, 0,    0, 1.526, 0.00,  6,N,N,N,Y,Y,N,N,N,N,N,N,N,N,N,N,P/N, 2,128,128,140, 98,12.3, 9.9, 0.0, 0.000, 0.0, 0.000, 0.000, 9.9,
00:01:59,1175,  0, 34,  0, 98, 64, 46,  0,102, 69, 99, 787, 32,27, 0,    0, 1.495, 0.00,  5,N,N,N,Y,Y,N,N,N,N,N,N,N,N,N,N,P/N, 2,128,128,140, 98,12.2, 9.8, 0.0, 0.000, 0.0, 0.000, 0.000, 9.8,
00:01:59,1212,  0, 33,  0, 98, 65, 44,  0,102, 69, 99, 791, 30,27, 0,    0, 1.465, 0.00,  5,N,N,N,Y,Y,N,N,N,N,N,N,N,N,N,N,P/N, 2,128,128,140, 90,12.1, 9.8, 0.0, 0.000, 0.0, 0.000, 0.000, 9.8,
00:01:59,1162,  0, 33,  0, 98, 66, 42,  0,102, 69, 99, 787, 30,27, 0,    0, 1.343, 0.00,  5,N,N,N,Y,Y,N,N,N,N,N,N,N,N,N,N,P/N, 2,128,128,140, 90,12.0,10.0, 0.0, 0.000, 0.0, 0.000, 0.000,10.0,
00:01:59,1187,  0, 32,  0, 98, 66, 41,  0,102, 69, 99, 787, 27,27, 0,    0, 1.343, 0.00,  5,N,N,N,Y,Y,N,N,N,N,N,N,N,N,N,N,P/N, 2,128,128,140, 90,12.0,10.0, 0.0, 0.000, 0.0, 0.000, 0.000,10.0,
00:01:59,1187,  0, 32,  0, 98, 66, 40,  0,103, 69, 99, 782, 27,27, 0,    0, 1.282, 0.00,  5,N,N,N,Y,Y,N,N,N,N,N,N,N,N,N,N,P/N, 2,128,128,140, 85,12.0,10.1, 0.0, 0.000, 0.0, 0.000, 0.000,10.1,
00:01:59,1175,  0, 31,  0, 98, 67, 39,  0,103, 69,100, 782, 25,27, 0,    0, 1.282, 0.00,  5,N,N,N,Y,Y,N,N,N,N,N,N,N,N,N,N,P/N, 2,128,128,140, 82,11.9,10.1, 0.0, 0.000, 0.0, 0.000, 0.000,10.1,
00:01:59,1125,  0, 31,  0, 98, 67, 37,  0,103, 69,100, 778, 23,27, 0,    0, 1.251, 0.00,  4,N,N,N,Y,Y,N,N,N,N,N,N,N,N,N,N,P/N, 2,128,128,140, 82,11.8,10.2, 0.0, 0.000, 0.0, 0.000, 0.000,10.2,
00:02:00,1125,  0, 31,  0, 98, 67, 39,  0,103, 69,100, 787, 25,27, 0,    0, 1.343, 0.00,  5,N,N,N,Y,Y,N,N,N,N,N,N,N,N,N,N,P/N, 2,128,128,140, 80,11.9,10.3, 0.0, 0.000, 0.0, 0.000, 0.000,10.3,
00:02:00,1137,  0, 31,  0, 98, 67, 37,  0,103, 69,100, 782, 23,27, 0,    0, 1.282, 0.00,  4,N,N,N,Y,Y,N,N,N,N,N,N,N,N,N,N,P/N, 2,128,128,140, 75,11.8,10.3, 0.0, 0.000, 0.0, 0.000, 0.000,10.3,
00:02:00,1112,  0, 31,  0, 98, 67, 36,  0,103, 69,100, 782, 22,27, 0,    0, 1.251, 0.00,  4,N,N,N,Y,Y,N,N,N,N,N,N,N,N,N,N,P/N, 2,128,128,140, 75,11.8,10.3, 0.0, 0.000, 0.0, 0.000, 0.000,10.3,
00:02:00,1100,  0, 31,  0, 98, 67, 38,  0,103, 69,102, 782, 23,27, 0,    0, 1.373, 0.00,  5,N,N,N,Y,Y,N,N,N,N,N,N,N,N,N,N,P/N, 2,128,128,140, 75,11.8,10.1, 0.0, 0.000, 0.0, 0.000, 0.000,10.1,
00:02:00,1100,  0, 31,  0, 98, 68, 37,  0,103, 69,102, 782, 22,27, 0,    0, 1.312, 0.00,  4,N,N,N,Y,Y,N,N,N,N,N,N,N,N,N,N,P/N, 2,128,128,140, 69,11.9,10.4, 0.0, 0.000, 0.0, 0.000, 0.000,10.4,
00:02:00,1087,  0, 31,  0, 98, 68, 38,  0,103, 69,102, 778, 23,27, 0,    0, 1.373, 0.00,  4,N,N,N,Y,Y,N,N,N,N,N,N,N,N,N,N,P/N, 2,128,128,140, 69,11.9,10.5, 0.0, 0.000, 0.0, 0.000, 0.000,10.5,
00:02:00,1062,  0, 31,  0, 98, 67, 36,  0,103, 69,102, 778, 23,27, 0,    0, 1.282, 0.00,  4,N,N,N,Y,Y,N,N,N,N,N,N,N,N,N,N,P/N, 2,128,128,140, 69,11.9,10.5, 0.0, 0.000, 0.0, 0.000, 0.000,10.5,
00:02:00,1025,  0, 32,  0, 98, 66, 38,  0,103, 69,102, 778, 21,27, 0,    0, 1.373, 0.00,  4,N,N,N,Y,Y,N,N,N,N,N,N,N,N,N,N,P/N, 2,128,128,140, 66,11.9,10.6, 0.0, 0.000, 0.0, 0.000, 0.000,10.6,
00:02:00,1037,  0, 32,  0, 98, 66, 37,  0,103, 69,102, 778, 21,27, 0,    0, 1.373, 0.00,  4,N,N,N,Y,Y,N,N,N,N,N,N,N,N,N,N,P/N, 2,128,128,140, 64,11.9,10.7, 0.0, 0.000, 0.0, 0.000, 0.000,10.7,
00:02:00,1012,  0, 32,  0, 98, 66, 37,  0,103, 69,102, 778, 21,27, 0,    0, 1.373, 0.00,  4,N,N,N,Y,Y,N,N,N,N,N,N,N,N,N,N,P/N, 2,128,128,140, 64,11.9,10.8, 0.0, 0.000, 0.0, 0.000, 0.000,10.8,
00:02:00, 987,  0, 32,  0, 98, 66, 37,  0,103, 69,102, 778, 20,27, 0,    0, 1.373, 0.00,  4,N,N,N,Y,Y,N,N,N,N,N,N,N,N,N,N,P/N, 2,128,128,140, 64,12.0,10.9, 0.0, 0.000, 0.0, 0.000, 0.000,10.9,
00:02:00, 962,  0, 32,  0, 98, 66, 39,  0,103, 69,102, 774, 22,27, 0,    0, 1.495, 0.00,  4,N,N,N,Y,Y,N,N,N,N,N,N,N,N,N,N,P/N, 2,128,128,140, 60,12.0,11.0, 0.0, 0.000, 0.0, 0.000, 0.000,11.0,
00:02:00, 975,  0, 31,  0, 98, 67, 38,  0,103, 69,102, 774, 21,27, 0,    0, 1.495, 0.00,  4,N,N,N,Y,Y,N,N,N,N,N,N,N,N,N,N,P/N, 2,128,128,140, 60,12.0,10.9, 0.0, 0.000, 0.0, 0.000, 0.000,10.9,
00:02:00, 975,  0, 32,  0, 98, 66, 38,  0,103, 69,102, 774, 21,27, 0,    0, 1.495, 0.00,  4,N,N,N,N,Y,N,N,N,N,N,N,N,N,N,N,P/N, 2,128,128,140, 60,12.0,11.0, 0.0, 0.000, 0.0, 0.000, 0.000,11.0,
00:02:00, 975,  0, 33,  0, 98, 66, 38,  0,103, 69,102, 769, 21,27, 0,    0, 1.526, 0.00,  4,N,N,N,N,Y,N,N,N,N,N,N,N,N,N,N,P/N, 2,128,128,140, 56,12.0,11.2, 0.0, 0.000, 0.0, 0.000, 0.000,11.2,
00:02:00, 975,  0, 33,  0, 98, 66, 38,  0,103, 69,102, 774, 21,27, 0,    0, 1.495, 0.00,  4,N,N,N,N,Y,N,N,N,N,N,N,N,N,N,N,P/N, 2,128,128,140, 56,12.0,11.2, 0.0, 0.000, 0.0, 0.000, 0.000,11.2,
00:02:00, 950,  0, 32,  0, 98, 66, 37,  0,103, 69,102, 774, 20,27, 0,    0, 1.495, 0.00,  4,N,N,N,N,Y,N,N,N,N,N,N,N,N,N,N,P/N, 2,128,128,140, 56,12.0,11.1, 0.0, 0.000, 0.0, 0.000, 0.000,11.1,
00:02:01, 975,  0, 32,  0, 98, 66, 38,  0,103, 69,102, 774, 21,27, 0,    0, 1.526, 0.00,  4,N,N,N,N,Y,N,N,N,N,N,N,N,N,N,N,P/N, 2,128,128,140, 55,12.0,11.3, 0.0, 0.000, 0.0, 0.000, 0.000,11.3,
00:02:01, 925,  0, 33,  0, 98, 66, 38,  0,103, 69,102, 769, 20,27, 0,    0, 1.526, 0.00,  4,N,N,N,N,Y,N,N,N,N,N,N,N,N,N,N,P/N, 2,128,128,140, 52,12.0,11.3, 0.0, 0.000, 0.0, 0.000, 0.000,11.3,
00:02:01, 937,  0, 32,  0, 98, 66, 38,  0,103, 69,102, 769, 21,27, 0,    0, 1.526, 0.00,  4,N,N,N,N,Y,N,N,N,N,N,N,N,N,N,N,P/N, 2,128,128,140, 52,12.0,11.3, 0.0, 0.000, 0.0, 0.000, 0.000,11.3,
00:02:01, 900,  0, 32,  0, 98, 66, 38,  0,103, 69,102, 769, 20,27, 0,    0, 1.495, 0.00,  4,N,N,N,N,Y,N,N,N,N,N,N,N,N,N,N,P/N, 2,128,128,140, 52,12.0,11.5, 0.0, 0.000, 0.0, 0.000, 0.000,11.5,
00:02:01, 912,  0, 33,  0, 98, 66, 38,  0,103, 69,102, 769, 19,27, 0,    0, 1.495, 0.00,  4,N,N,N,N,Y,N,N,N,N,N,N,N,N,N,N,P/N, 2,128,128,140, 49,12.0,11.5, 0.0, 0.000, 0.0, 0.000, 0.000,11.5,
00:02:01, 937,  0, 33,  0, 98, 66, 37,  0,103, 69,102, 765, 19,27, 0,    0, 1.495, 0.00,  4,N,N,N,N,Y,N,N,N,N,N,N,N,N,N,N,P/N, 2,128,128,140, 49,12.0,11.6, 0.0, 0.000, 0.0, 0.000, 0.000,11.6,
00:02:01, 900,  0, 33,  0, 98, 65, 38,  0,103, 69,102, 769, 20,27, 0,    0, 1.495, 0.00,  4,N,N,N,N,Y,N,N,N,N,N,N,N,N,N,N,P/N, 2,128,128,140, 49,12.0,11.6, 0.0, 0.000, 0.0, 0.000, 0.000,11.6,
00:02:01, 887,  0, 33,  0, 98, 66, 36,  0,103, 69,102, 765, 18,27, 0,    0, 1.465, 0.00,  4,N,N,N,N,Y,N,N,N,N,N,N,N,N,N,N,P/N, 2,128,128,140, 47,12.0,11.7, 0.0, 0.000, 0.0, 0.000, 0.000,11.7,
00:02:01, 887,  0, 33,  0, 98, 65, 36,  0,103, 69,102, 769, 18,27, 0,    0, 1.465, 0.00,  4,N,N,N,N,Y,N,N,N,N,N,N,N,N,N,N,P/N, 2,128,128,140, 47,12.0,11.7, 0.0, 0.000, 0.0, 0.000, 0.000,11.7,
00:02:01, 887,  0, 33,  0, 98, 65, 36,  0,103, 69,102, 765, 18,27, 0,    0, 1.465, 0.00,  4,N,N,N,N,Y,N,N,N,N,N,N,N,N,N,N,P/N, 2,128,128,140, 47,12.0,11.8, 0.0, 0.000, 0.0, 0.000, 0.000,11.8,
00:02:01, 875,  0, 33,  0, 98, 65, 38,  0,103, 69,102, 760, 18,27, 0,    0, 1.526, 0.00,  4,N,N,N,N,Y,N,N,N,N,N,N,N,N,N,N,P/N, 2,128,128,140, 47,12.0,11.8, 0.0, 0.000, 0.0, 0.000, 0.000,11.8,
00:02:01, 875,  0, 33,  0, 98, 65, 39,  0,103, 69,102, 765, 19,27, 0,    0, 1.587, 0.00,  4,N,N,N,N,Y,N,N,N,N,N,N,N,N,N,N,P/N, 2,128,128,140, 45,12.0,11.8, 0.0, 0.000, 0.0, 0.000, 0.000,11.8,
00:02:01, 837,  0, 33,  0, 98, 65, 37,  0,103, 69,102, 765, 19,27, 0,    0, 1.526, 0.00,  4,N,N,N,N,Y,N,N,N,N,N,N,N,N,N,N,P/N, 2,128,128,140, 45,12.0,11.8, 0.0, 0.000, 0.0, 0.000, 0.000,11.8,
00:02:01, 850,  0, 34,  0, 98, 64, 38,  0,103, 69,102, 765, 19,27, 0,    0, 1.587, 0.00,  4,N,N,N,N,Y,N,N,N,N,N,N,N,N,N,N,P/N, 2,128,128,140, 45,12.0,11.8, 0.0, 0.000, 0.6, 0.000, 0.000,11.8,
00:02:01, 875,  0, 34,  0, 98, 64, 39,  0,103, 69,102, 765, 18,27, 0,    0, 1.587, 0.00,  4,N,N,N,N,Y,N,N,N,N,N,N,N,N,N,N,P/N, 2,128,128,140, 43,12.0,11.9, 0.0, 0.000, 0.0, 0.000, 0.000,11.9,
00:02:01, 862,  0, 34,  0, 98, 64, 38,  0,103, 69,102, 765, 19,27, 0,    0, 1.587, 0.00,  4,N,N,N,N,Y,N,N,N,N,N,N,N,N,N,N,P/N, 2,128,128,140, 43,12.0,11.9, 0.0, 0.000, 0.9, 0.000, 0.000,11.9,
00:02:01, 862,  0, 34,  0, 98, 64, 39,  0,103, 69,102, 765, 19,27, 0,    0, 1.587, 0.00,  4,N,N,N,N,Y,N,N,N,N,N,N,N,N,N,N,P/N, 2,128,128,140, 43,12.0,11.9, 0.0, 0.000, 0.6, 0.000, 0.000,11.9,
00:02:02, 850,  0, 35,  0, 98, 63, 43,  2,103, 69,102, 751, 21,27, 0,    0, 2.472, 0.00,  7,N,N,Y,N,Y,N,N,N,N,N,N,N,N,N,N,P/N, 1,128,128,140, 43,12.0,11.9, 2.3, 0.076, 0.6, 0.000, 1.068,11.9,
00:02:02, 837,  0, 40,  0, 98, 58, 47, 11,103, 69,102, 765, 22,33, 0,    0, 7.172, 0.00, 20,N,N,Y,N,N,N,N,N,N,N,N,N,N,N,N,P/N, 1,128,128,140, 49,12.0,11.9, 9.0, 0.427, 5.9, 0.046, 7.874,11.9,
00:02:02, 875,  0, 69,  0, 98, 29, 66, 32,103, 69,102, 756, 36,33, 0,    0,18.463, 0.00, 53,N,N,Y,N,N,N,N,N,N,N,N,N,N,N,N,P/N, 1,128,128,140, 59,11.6,11.9,25.4, 0.992,26.9, 0.427,14.587,11.9,
00:02:02,1025,  0, 93,  0, 98,  5, 71, 46,103, 69,100, 756, 50,21, 0,    0,22.095, 0.00, 75,N,N,Y,N,N,N,N,N,N,N,N,N,N,N,N,P/N, 1,128,128,140, 68,11.6,12.0,32.0, 1.038,53.1, 0.580,14.679,12.0,
00:02:02,1437,  0, 93,  0, 98,  6, 70, 52,103, 69,100, 716, 71,24, 0,    0,17.426, 0.00, 83,N,N,Y,N,N,N,N,N,N,N,N,N,N,N,N,P/N, 1,128,128,140, 77,11.6,13.0,25.4, 0.839,52.5, 0.565, 8.362,13.0,
00:02:02,2037,  0, 90,  0, 98,  8, 69, 51,103, 69, 98, 716, 86,26, 0,    0,12.543, 0.00, 85,N,N,Y,N,N,N,N,N,N,N,N,N,N,N,N,P/N, 1,128,128,140, 87,11.6,12.9,19.5, 0.549,44.1, 0.397, 4.562,12.9,
00:02:02,2450,  0, 71,  0, 98, 27, 63, 13,103, 69, 95, 782, 86,36, 0,    0, 4.242, 0.00, 34,N,N,Y,N,N,N,N,N,N,N,N,N,N,N,N,P/N, 1,128,128,140, 96,12.5,10.6, 0.0, 0.000,29.4, 0.046, 0.488,10.6,
00:02:02,2350,  0, 35,  0, 98, 63, 49,  0,103, 69, 95, 796, 55,27, 0,    0, 1.282, 0.00, 10,N,N,Y,Y,Y,N,N,N,N,N,N,N,N,N,N,P/N, 2,128,128,140,106,12.4, 9.8, 0.0, 0.000, 0.0, 0.000, 0.488, 9.8,
00:02:02,2050,  0, 26,  0, 98, 72, 37,  0,103, 69, 99, 751, 47,27, 0,    0, 1.038, 0.00,  7,N,N,Y,Y,Y,N,N,N,N,N,N,N,N,N,N,P/N, 2,128,128,140,115,11.4, 9.9, 0.0, 0.000, 0.0, 0.000, 0.488, 9.9,
00:02:02,1950,  0, 27,  0, 98, 72, 38,  0,103, 69, 99, 614, 41,27, 0,    0, 1.068, 0.00,  6,N,N,Y,Y,Y,N,N,N,N,N,N,N,N,N,N,P/N, 2,128,128,140,124,11.5,11.2, 0.0, 0.000, 0.0, 0.000, 0.473,11.2,
00:02:02,1775,  0, 28,  0, 98, 70, 44,  0,103, 69,100, 539, 42,27, 0,    0, 1.404, 0.00,  8,N,N,Y,Y,Y,N,N,N,N,N,N,N,N,N,N,P/N, 2,128,128,140,134,11.6,11.5, 0.0, 0.000, 0.0, 0.000, 0.473,11.5,
00:02:02,1587,  0, 30,  0, 98, 68, 45,  0,103, 69,100, 508, 40,27, 0,    0, 1.556, 0.00,  8,N,N,Y,Y,Y,N,N,N,N,N,N,N,N,N,N,P/N, 2,128,128,140,143,11.7,12.3, 0.0, 0.000, 0.0, 0.000, 0.473,12.3,
00:02:02,1500,  0, 32,  0, 98, 66, 46,  0,103, 69,100, 486, 38,27, 0,    0, 1.404, 0.00,  7,N,N,Y,Y,Y,N,N,N,N,N,N,N,N,N,N,P/N, 2,128,128,140,145,11.9,12.4, 0.0, 0.000, 0.0, 0.000, 0.000,12.4,
00:02:02,1312,  0, 34,  0, 98, 64, 52,  0,103, 69,100, 473, 39,27, 0,    0, 1.740, 0.00,  7,N,N,N,Y,Y,N,N,N,N,N,N,N,N,N,N,P/N, 2,128,128,140,145,12.3,12.5, 0.0, 0.000, 0.0, 0.000, 0.000,12.5,
00:02:02,1250,  0, 36,  0, 98, 63, 50,  0,103, 69,100, 451, 38,27, 0,    0, 1.801, 0.00,  7,N,N,N,Y,Y,N,N,N,N,N,N,N,N,N,N,P/N, 2,128,128,140,142,12.5,12.5, 0.0, 0.000, 0.0, 0.000, 0.000,12.5,
00:02:02,1225,  0, 37,  0, 98, 62, 51,  0,103, 69,100, 495, 37,27, 0,    0, 1.801, 0.00,  7,N,N,N,Y,Y,N,N,N,N,N,N,N,N,N,N,P/N, 2,128,128,140,134,12.5,12.6, 0.0, 0.000, 0.0, 0.000, 0.000,12.6,
00:02:02,1275,  0, 36,  0, 98, 63, 50,  0,103, 69,100, 725, 38,27, 0,    0, 1.770, 0.00,  7,N,N,N,Y,Y,N,N,N,N,N,N,N,N,N,N,P/N, 2,128,128,140,134,12.4,11.9, 0.0, 0.000, 0.0, 0.000, 0.000,11.9,
00:02:03,1225,  0, 36,  0, 98, 62, 51,  0,103, 69,100, 774, 39,27, 0,    0, 1.801, 0.00,  7,N,N,N,Y,Y,N,N,N,N,N,N,N,N,N,N,P/N, 2,128,128,140,134,12.3,11.2, 0.0, 0.000, 0.0, 0.000, 0.000,11.2,
00:02:03,1262,  0, 36,  0, 98, 63, 51,  0,103, 69,100, 774, 37,27, 0,    0, 1.770, 0.00,  7,N,N,N,Y,Y,N,N,N,N,N,N,N,N,N,N,P/N, 2,128,128,140,125,12.3,10.5, 0.0, 0.000, 0.0, 0.000, 0.000,10.5,
00:02:03,1237,  0, 36,  0, 98, 63, 51,  0,103, 69,100, 787, 37,27, 0,    0, 1.770, 0.00,  7,N,N,N,Y,Y,N,N,N,N,N,N,N,N,N,N,P/N, 2,128,128,140,120,12.3,10.1, 0.0, 0.000, 0.0, 0.000, 0.000,10.1,
00:02:03,1287,  0, 35,  0, 98, 63, 50,  0,103, 69,100, 787, 36,27, 0,    0, 1.831, 0.00,  7,N,N,N,Y,Y,N,N,N,N,N,N,N,N,N,N,P/N, 2,128,128,140,120,12.3, 9.9, 0.0, 0.000, 0.0, 0.000, 0.000, 9.9,
00:02:03,1275,  0, 34,  0, 98, 63, 48,  0,103, 69,100, 787, 36,27, 0,    0, 1.678, 0.00,  7,N,N,N,Y,Y,N,N,N,N,N,N,N,N,N,N,P/N, 2,128,128,140,115,12.3,10.0, 0.0, 0.000, 0.0, 0.000, 0.000,10.0,
00:02:03,1275,  0, 35,  0, 98, 63, 49,  0,103, 69,100, 782, 34,27, 0,    0, 1.709, 0.00,  7,N,N,N,Y,Y,N,N,N,N,N,N,N,N,N,N,P/N, 2,128,128,140,109,12.2,10.0, 0.0, 0.000, 0.0, 0.000, 0.000,10.0,
00:02:03,1250,  0, 34,  0, 98, 64, 49,  0,103, 69,100, 787, 37,27, 0,    0, 1.740, 0.00,  7,N,N,N,Y,Y,N,N,N,N,N,N,N,N,N,N,P/N, 2,128,128,140,109,12.2,10.0, 0.0, 0.000, 0.0, 0.000, 0.000,10.0,
00:02:03,1300,  0, 33,  0, 98, 65, 46,  0,103, 69,100, 787, 33,27, 0,    0, 1.587, 0.00,  6,N,N,N,Y,Y,N,N,N,N,N,N,N,N,N,N,P/N, 2,128,128,140,108,12.1,10.1, 0.0, 0.000, 0.0, 0.000, 0.000,10.1,
00:02:03,1275,  0, 34,  0, 98, 64, 45,  0,103, 69,100, 778, 32,27, 0,    0, 1.556, 0.00,  6,N,N,N,Y,Y,N,N,N,N,N,N,N,N,N,N,P/N, 2,128,128,140, 99,12.0,10.1, 0.0, 0.000, 0.0, 0.000, 0.000,10.1,
00:02:03,1262,  0, 32,  0, 98, 66, 44,  0,103, 69,100, 782, 33,27, 0,    0, 1.526, 0.00,  6,N,N,N,Y,Y,N,N,N,N,N,N,N,N,N,N,P/N, 2,128,128,140, 99,12.0,10.1, 0.0, 0.000, 0.0, 0.000, 0.000,10.1,
00:02:03,1287,  0, 32,  0, 98, 66, 43,  0,103, 69,100, 787, 32,27, 0,    0, 1.495, 0.00,  6,N,N,N,Y,Y,N,N,N,N,N,N,N,N,N,N,P/N, 2,128,128,140, 99,12.0,10.2, 0.0, 0.000, 0.0, 0.000, 0.000,10.2,
00:02:03,1287,  0, 31,  0, 98, 67, 42,  0,103, 69,100, 782, 27,27, 0,    0, 1.465, 0.00,  6,N,N,N,Y,Y,N,N,N,N,N,N,N,N,N,N,P/N, 2,128,128,140, 93,11.9, 9.8, 0.0, 0.000, 0.0, 0.000, 0.000, 9.8,
00:02:03,1250,  0, 31,  0, 98, 67, 39,  0,103, 69,100, 782, 27,27, 0,    0, 1.343, 0.00,  5,N,N,N,Y,Y,N,N,N,N,N,N,N,N,N,N,P/N, 2,128,128,140, 90,11.8,10.2, 0.0, 0.000, 0.0, 0.000, 0.000,10.2,
00:02:03,1237,  0, 30,  0, 98, 68, 38,  0,103, 69,100, 787, 26,27, 0,    0, 1.312, 0.00,  5,N,N,N,Y,Y,N,N,N,N,N,N,N,N,N,N,P/N, 2,128,128,140, 90,11.7,10.3, 0.0, 0.000, 0.0, 0.000, 0.000,10.3,
00:02:03,1212,  0, 30,  0, 98, 68, 38,  0,103, 69,100, 782, 26,27, 0,    0, 1.343, 0.00,  5,N,N,N,Y,Y,N,N,N,N,N,N,N,N,N,N,P/N, 2,128,128,140, 88,11.7,10.3, 0.0, 0.000, 0.0, 0.000, 0.000,10.3,
00:02:03,1187,  0, 31,  0, 98, 67, 38,  0,103, 69,100, 782, 26,27, 0,    0, 1.343, 0.00,  5,N,N,N,Y,Y,N,N,N,N,N,N,N,N,N,N,P/N, 2,128,128,140, 82,11.8,10.4, 0.0, 0.000, 0.0, 0.000, 0.000,10.4,
00:02:03,1187,  0, 30,  0, 98, 68, 36,  0,103, 69,100, 778, 23,27, 0,    0, 1.282, 0.00,  5,N,N,N,Y,Y,N,N,N,N,N,N,N,N,N,N,P/N, 2,128,128,140, 82,11.7,10.4, 0.0, 0.000, 0.0, 0.000, 0.000,10.4,
00:02:04,1137,  0, 30,  0, 98, 68, 37,  0,103, 69,102, 782, 24,27, 0,    0, 1.343, 0.00,  5,N,N,N,Y,Y,N,N,N,N,N,N,N,N,N,N,P/N, 2,128,128,140, 82,11.8,10.5, 0.0, 0.000, 0.0, 0.000, 0.000,10.5,
00:02:04,1100,  0, 31,  0, 98, 68, 38,  0,103, 69,100, 778, 24,27, 0,    0, 1.373, 0.00,  5,N,N,N,Y,Y,N,N,N,N,N,N,N,N,N,N,P/N, 2,128,128,140, 76,11.8,10.5, 0.0, 0.000, 0.0, 0.000, 0.000,10.5,
00:02:04,1112,  0, 31,  0, 98, 68, 37,  0,103, 69,100, 778, 23,27, 0,    0, 1.373, 0.00,  5,N,N,N,Y,Y,N,N,N,N,N,N,N,N,N,N,P/N, 2,128,128,140, 76,11.8,10.6, 0.0, 0.000, 0.0, 0.000, 0.000,10.6,
00:02:04,1075,  0, 31,  0, 98, 67, 38,  0,103, 69,102, 778, 21,27, 0,    0, 1.434, 0.00,  5,N,N,N,Y,Y,N,N,N,N,N,N,N,N,N,N,P/N, 2,128,128,140, 76,11.9,10.7, 0.0, 0.000, 0.0, 0.000, 0.000,10.7,
00:02:04,1037,  0, 32,  0, 98, 66, 38,  0,103, 69,102, 778, 23,27, 0,    0, 1.434, 0.00,  4,N,N,N,Y,Y,N,N,N,N,N,N,N,N,N,N,P/N, 2,128,128,140, 72,11.9,10.7, 0.0, 0.000, 0.0, 0.000, 0.000,10.7,
00:02:04,1037,  0, 32,  0, 98, 66, 36,  0,103, 69,102, 778, 23,27, 0,    0, 1.434, 0.00,  4,N,N,N,N,Y,N,N,N,N,N,N,N,N,N,N,P/N, 2,128,128,140, 70,12.0,10.8, 0.0, 0.000, 0.0, 0.000, 0.000,10.8,
00:02:04,1012,  0, 31,  0, 98, 67, 38,  0,103, 69,102, 778, 24,27, 0,    0, 1.465, 0.00,  4,N,N,N,Y,Y,N,N,N,N,N,N,N,N,N,N,P/N, 2,128,128,140, 70,11.9,10.8, 0.0, 0.000, 0.0, 0.000, 0.000,10.8,
00:02:04,1000,  0, 32,  0, 98, 66, 38,  0,103, 69,102, 778, 21,27, 0,    0, 1.495, 0.00,  4,N,N,N,N,Y,N,N,N,N,N,N,N,N,N,N,P/N, 2,128,128,140, 70,12.0,10.9, 0.0, 0.000, 0.0, 0.000, 0.000,10.9,
00:02:04, 987,  0, 32,  0, 98, 66, 38,  0,103, 69,102, 778, 22,27, 0,    0, 1.495, 0.00,  4,N,N,N,N,Y,N,N,N,N,N,N,N,N,N,N,P/N, 2,128,128,140, 65,12.0,10.9, 0.0, 0.000, 0.0, 0.000, 0.000,10.9,
00:02:04,1000,  0, 33,  0, 98, 66, 39,  0,103, 69,102, 774, 21,27, 0,    0, 1.526, 0.00,  5,N,N,N,N,Y,N,N,N,N,N,N,N,N,N,N,P/N, 2,128,128,140, 65,12.0,11.1, 0.0, 0.000, 0.0, 0.000, 0.000,11.1,
00:02:04, 987,  0, 32,  0, 98, 66, 39,  0,103, 69,102, 774, 22,27, 0,    0, 1.556, 0.00,  5,N,N,N,N,Y,N,N,N,N,N,N,N,N,N,N,P/N, 2,128,128,140, 65,12.0,11.0, 0.0, 0.000, 0.0, 0.000, 0.000,11.0,
00:02:04, 962,  0, 33,  0, 98, 66, 39,  0,103, 69,102, 774, 21,27, 0,    0, 1.526, 0.00,  4,N,N,N,N,Y,N,N,N,N,N,N,N,N,N,N,P/N, 2,128,128,140, 60,12.0,11.2, 0.0, 0.000, 0.0, 0.000, 0.000,11.2,
00:02:04, 975,  0, 33,  0, 98, 66, 38,  0,103, 69,102, 774, 22,27, 0,    0, 1.495, 0.00,  4,N,N,N,N,Y,N,N,N,N,N,N,N,N,N,N,P/N, 2,128,128,140, 60,12.0,11.3, 0.0, 0.000, 0.0, 0.000, 0.000,11.3,
00:02:04, 962,  0, 33,  0, 98, 65, 38,  0,104, 69,103, 769, 21,27, 0,    0, 1.526, 0.00,  4,N,N,N,N,Y,N,N,N,N,N,N,N,N,N,N,P/N, 2,128,128,140, 60,12.0,11.3, 0.0, 0.000, 0.0, 0.000, 0.000,11.3,
00:02:04, 937,  0, 33,  0, 98, 66, 39,  0,104, 69,103, 765, 21,27, 0,    0, 1.556, 0.00,  4,N,N,N,N,Y,N,N,N,N,N,N,N,N,N,N,P/N, 2,128,128,140, 58,12.0,11.3, 0.0, 0.000, 0.0, 0.000, 0.000,11.3,
00:02:04, 937,  0, 33,  0, 98, 65, 38,  0,104, 69,103, 769, 21,27, 0,    0, 1.526, 0.00,  4,N,N,N,N,Y,N,N,N,N,N,N,N,N,N,N,P/N, 2,128,128,140, 56,12.0,11.4, 0.0, 0.000, 0.0, 0.000, 0.000,11.4,
00:02:04, 925,  0, 33,  0, 98, 65, 38,  0,104, 69,103, 769, 20,27, 0,    0, 1.495, 0.00,  4,N,N,N,N,Y,N,N,N,N,N,N,N,N,N,N,P/N, 2,128,128,140, 56,12.0,11.4, 0.0, 0.000, 0.0, 0.000, 0.000,11.4,
00:02:05, 925,  0, 33,  0, 98, 66, 39,  0,104, 69,103, 769, 21,27, 0,    0, 1.556, 0.00,  4,N,N,N,N,Y,N,N,N,N,N,N,N,N,N,N,P/N, 2,128,128,140, 56,12.0,11.5, 0.0, 0.000, 0.0, 0.000, 0.000,11.5,
00:02:05, 937,  0, 33,  0, 98, 65, 38,  0,104, 69,103, 769, 20,27, 0,    0, 1.526, 0.00,  4,N,N,N,N,Y,N,N,N,N,N,N,N,N,N,N,P/N, 2,128,128,140, 53,12.0,11.5, 0.0, 0.000, 0.0, 0.000, 0.000,11.5,
00:02:05, 912,  0, 33,  0, 98, 66, 38,  0,104, 69,103, 769, 20,27, 0,    0, 1.526, 0.00,  4,N,N,N,N,Y,N,N,N,N,N,N,N,N,N,N,P/N, 2,128,128,140, 53,12.0,11.5, 0.0, 0.000, 0.0, 0.000, 0.000,11.5,
00:02:05, 912,  0, 32,  0, 98, 66, 37,  0,104, 69,103, 769, 19,27, 0,    0, 1.465, 0.00,  4,N,N,N,N,Y,N,N,N,N,N,N,N,N,N,N,P/N, 2,128,128,140, 53,12.0,11.6, 0.0, 0.000, 0.0, 0.000, 0.000,11.6,
00:02:05, 887,  0, 33,  0, 98, 65, 38,  0,104, 69,103, 769, 19,27, 0,    0, 1.526, 0.00,  4,N,N,N,N,Y,N,N,N,N,N,N,N,N,N,N,P/N, 2,128,128,140, 50,12.0,11.6, 0.0, 0.000, 0.0, 0.000, 0.000,11.6,
00:02:05, 912,  0, 33,  0, 98, 66, 37,  0,104, 69,103, 769, 19,27, 0,    0, 1.495, 0.00,  4,N,N,N,N,Y,N,N,N,N,N,N,N,N,N,N,P/N, 2,128,128,140, 50,12.0,11.6, 0.0, 0.000, 0.0, 0.000, 0.000,11.6,
00:02:05, 912,  0, 33,  0, 98, 65, 37,  0,104, 69,103, 769, 19,27, 0,    0, 1.495, 0.00,  4,N,N,N,N,Y,N,N,N,N,N,N,N,N,N,N,P/N, 2,128,128,140, 50,12.0,11.7, 0.0, 0.000, 0.3, 0.000, 0.000,11.7,
00:02:05, 912,  0, 32,  0, 98, 66, 36,  0,104, 69,103, 765, 18,27, 0,    0, 1.495, 0.00,  4,N,N,N,N,Y,N,N,N,N,N,N,N,N,N,N,P/N, 2,128,128,140, 50,12.0,11.7, 0.0, 0.000, 0.0, 0.000, 0.000,11.7,
00:02:05, 887,  0, 33,  0, 98, 65, 37,  0,104, 69,103, 769, 18,27, 0,    0, 1.495, 0.00,  4,N,N,N,N,Y,N,N,N,N,N,N,N,N,N,N,P/N, 2,128,128,140, 47,12.0,11.7, 0.0, 0.000, 0.0, 0.000, 0.000,11.7,
00:02:05, 887,  0, 33,  0, 98, 66, 37,  0,104, 69,103, 769, 19,27, 0,    0, 1.495, 0.00,  4,N,N,N,N,Y,N,N,N,N,N,N,N,N,N,N,P/N, 2,128,128,140, 47,12.0,11.7, 0.0, 0.000, 0.0, 0.000, 0.000,11.7,
00:02:05, 862,  0, 33,  0, 98, 65, 37,  0,104, 69,103, 765, 19,27, 0,    0, 1.495, 0.00,  4,N,N,N,N,Y,N,N,N,N,N,N,N,N,N,N,P/N, 2,128,128,140, 47,12.0,11.7, 0.0, 0.000, 0.0, 0.000, 0.000,11.7,
00:02:05, 862,  0, 33,  0, 98, 66, 36,  0,104, 69,103, 769, 18,27, 0,    0, 1.434, 0.00,  4,N,N,N,N,Y,N,N,N,N,N,N,N,N,N,N,P/N, 2,128,128,140, 45,12.0,11.8, 0.0, 0.000, 0.0, 0.000, 0.000,11.8,
00:02:05, 875,  0, 33,  0, 98, 65, 36,  0,104, 69,103, 765, 19,27, 0,    0, 1.465, 0.00,  4,N,N,N,N,Y,N,N,N,N,N,N,N,N,N,N,P/N, 2,128,128,140, 45,12.0,11.4, 0.0, 0.000, 0.0, 0.000, 0.000,11.4,
00:02:05, 862,  0, 33,  0, 98, 65, 36,  0,104, 69,103, 769, 18,27, 0,    0, 1.495, 0.00,  4,N,N,N,N,Y,N,N,N,N,N,N,N,N,N,N,P/N, 2,128,128,140, 45,12.0,11.8, 0.0, 0.000, 0.3, 0.000, 0.000,11.8,
00:02:05, 837,  0, 34,  0, 98, 64, 36,  0,104, 69,103, 765, 17,27, 0,    0, 1.465, 0.00,  4,N,N,N,N,Y,N,N,N,N,N,N,N,N,N,N,P/N, 2,128,128,140, 44,12.0,11.8, 0.0, 0.000, 0.3, 0.000, 0.000,11.8,
00:02:05, 837,  0, 34,  0, 98, 64, 38,  0,104, 69,103, 765, 18,27, 0,    0, 1.556, 0.00,  4,N,N,N,N,Y,N,N,N,N,N,N,N,N,N,N,P/N, 2,128,128,140, 43,12.0,11.5, 0.0, 0.000, 0.3, 0.000, 0.000,11.5,
00:02:05, 837,  0, 34,  0, 98, 64, 37,  0,104, 69,103, 769, 18,27, 0,    0, 1.495, 0.00,  4,N,N,N,N,Y,N,N,N,N,N,N,N,N,N,N,P/N, 2,128,128,140, 43,12.0,11.9, 0.0, 0.000, 0.9, 0.000, 0.000,11.9,
00:02:06, 850,  0, 34,  0, 98, 64, 38,  0,104, 69,103, 765, 17,27, 0,    0, 1.556, 0.00,  4,N,N,N,N,Y,N,N,N,N,N,N,N,N,N,N,P/N, 2,128,128,140, 43,12.0,11.9, 0.0, 0.000, 0.6, 0.000, 0.000,11.9,
00:02:06, 837,  0, 34,  0, 98, 64, 39,  0,104, 69,103, 765, 18,27, 0,    0, 1.587, 0.00,  4,N,N,N,N,Y,N,N,N,N,N,N,N,N,N,N,P/N, 2,128,128,140, 41,12.0,11.9, 0.0, 0.000, 0.0, 0.000, 0.000,11.9,
00:02:06, 812,  0, 34,  0, 98, 64, 39,  0,104, 69,103, 765, 19,27, 0,    0, 1.587, 0.00,  4,N,N,N,N,Y,N,N,N,N,N,N,N,N,N,N,P/N, 2,128,128,140, 41,12.0,11.9, 0.0, 0.000, 0.9, 0.000, 0.000,11.9,
00:02:06, 837,  0, 34,  0, 98, 64, 38,  0,104, 69,103, 760, 18,27, 0,    0, 1.556, 0.00,  4,N,N,N,N,Y,N,N,N,N,N,N,N,N,N,N,P/N, 2,128,128,140, 41,12.0,11.9, 0.0, 0.000, 0.6, 0.000, 0.000,11.9,
00:02:06, 825,  0, 34,  0, 98, 64, 38,  0,104, 69,103, 765, 18,27, 0,    0, 1.556, 0.00,  4,N,N,N,N,Y,N,N,N,N,N,N,N,N,N,N,P/N, 2,128,128,140, 39,12.0,11.9, 0.0, 0.000, 1.3, 0.000, 0.000,11.9,
00:02:06, 825,  0, 34,  0, 98, 64, 38,  0,104, 69,103, 765, 17,27, 0,    0, 1.556, 0.00,  4,N,N,N,N,Y,N,N,N,N,N,N,N,N,N,N,P/N, 2,128,128,140, 39,12.0,11.9, 0.0, 0.000, 0.6, 0.000, 0.000,11.9,
00:02:06, 812,  0, 34,  0, 98, 64, 38,  0,104, 69,103, 765, 18,27, 0,    0, 1.556, 0.00,  4,N,N,N,N,Y,N,N,N,N,N,N,N,N,N,N,P/N, 2,128,128,140, 39,12.0,11.8, 0.0, 0.000, 1.3, 0.000, 0.000,11.8,
00:02:06, 825,  0, 34,  0, 98, 64, 38,  0,104, 69,103, 760, 18,27, 0,    0, 1.556, 0.00,  4,N,N,N,N,Y,N,N,N,N,N,N,N,N,N,N,P/N, 0,128,128,140, 39,12.0,12.0, 0.0, 0.000, 0.9, 0.000, 0.000,12.0,
00:02:06, 825,  0, 34,  0, 98, 64, 37,  0,104, 69,103, 765, 18,27, 0,    0, 1.526, 0.00,  4,N,N,N,N,Y,N,N,N,N,N,N,N,N,N,N,P/N, 2,128,128,140, 38,12.0,12.0, 0.0, 0.000, 0.6, 0.000, 0.000,12.0,
00:02:06, 800,  0, 34,  0, 98, 64, 38,  0,104, 69,103, 765, 18,27, 0,    0, 1.556, 0.00,  4,N,N,N,N,Y,N,N,N,N,N,N,N,N,N,N,P/N, 0,128,128,140, 38,12.0,12.0, 0.0, 0.000, 0.3, 0.000, 0.000,12.0,
00:02:06, 800,  0, 34,  0, 98, 64, 38,  0,104, 69,103, 765, 17,27, 0,    0, 1.556, 0.00,  4,N,N,N,N,Y,N,N,N,N,N,N,N,N,N,N,P/N, 0,128,128,140, 38,12.0,12.0, 0.0, 0.000, 0.6, 0.000, 0.000,12.0,
00:02:06, 825,  0, 34,  0, 98, 64, 38,  0,104, 69,103, 765, 18,27, 0,    0, 1.556, 0.00,  4,N,N,N,N,Y,N,N,N,N,N,N,N,N,N,N,P/N, 2,128,128,140, 37,12.0,12.1, 0.0, 0.000, 0.6, 0.000, 0.000,12.1,
00:02:06, 800,  0, 34,  0, 98, 64, 38,  0,104, 69,103, 760, 17,27, 0,    0, 1.556, 0.00,  4,N,N,N,N,Y,N,N,N,N,N,N,N,N,N,N,P/N, 0,128,128,140, 37,12.0,12.0, 0.0, 0.000, 0.6, 0.000, 0.000,12.0,
00:02:06, 812,  0, 34,  0, 98, 64, 38,  0,104, 69,103, 760, 18,27, 0,    0, 1.556, 0.00,  4,N,N,N,N,Y,N,N,N,N,N,N,N,N,N,N,P/N, 0,128,128,140, 37,12.0,12.1, 0.0, 0.000, 0.6, 0.000, 0.000,12.1,
00:02:06, 812,  0, 34,  0, 98, 64, 37,  0,104, 69,103, 765, 17,27, 0,    0, 1.526, 0.00,  4,N,N,N,N,Y,N,N,N,N,N,N,N,N,N,N,P/N, 0,128,128,140, 37,12.0,12.1, 0.0, 0.000, 0.3, 0.000, 0.000,12.1,
00:02:06, 787,  0, 34,  0, 98, 64, 38,  0,104, 69,103, 760, 17,27, 0,    0, 1.556, 0.00,  4,N,N,N,N,Y,N,N,N,N,N,N,N,N,N,N,P/N, 0,128,128,140, 36,12.0,12.1, 0.0, 0.000, 0.3, 0.000, 0.000,12.1,
00:02:06, 812,  0, 34,  0, 98, 64, 38,  0,104, 69,103, 760, 17,27, 0,    0, 1.556, 0.00,  4,N,N,N,N,Y,N,N,N,N,N,N,N,N,N,N,P/N, 2,128,128,140, 36,12.0,12.1, 0.0, 0.000, 0.6, 0.000, 0.000,12.1,
00:02:07, 787,  0, 35,  0, 98, 63, 38,  0,104, 69,103, 760, 17,27, 0,    0, 1.556, 0.00,  4,N,N,N,N,Y,N,N,N,N,N,N,N,N,N,N,P/N, 0,128,128,140, 36,12.0,12.2, 0.0, 0.000, 0.3, 0.000, 0.000,12.2,
00:02:07, 787,  0, 34,  0, 98, 64, 38,  0,104, 69,103, 760, 17,27, 0,    0, 1.617, 0.00,  4,N,N,N,N,Y,N,N,N,N,N,N,N,N,N,N,P/N, 0,128,128,140, 35,12.0,12.1, 0.0, 0.000, 0.6, 0.000, 0.000,12.1,
00:02:07, 787,  0, 35,  0, 98, 63, 38,  0,104, 69,103, 760, 17,27, 0,    0, 1.556, 0.00,  4,N,N,N,N,Y,N,N,N,N,N,N,N,N,N,N,P/N, 0,128,128,140, 35,12.0,12.2, 0.0, 0.000, 0.9, 0.000, 0.000,12.2,
00:02:07, 762,  0, 35,  0, 98, 63, 39,  0,104, 69,103, 760, 17,27, 0,    0, 1.617, 0.00,  4,N,N,N,N,Y,N,N,N,N,N,N,N,N,N,N,P/N, 0,128,128,140, 35,12.0,12.2, 0.0, 0.000, 0.6, 0.000, 0.000,12.2,
00:02:07, 750,  0, 35,  0, 98, 63, 39,  0,104, 69,103, 760, 16,27, 0,    0, 1.648, 0.00,  4,N,N,N,N,Y,N,N,N,N,N,N,N,N,N,N,P/N, 0,128,128,140, 34,12.0,12.3, 0.0, 0.000, 0.9, 0.000, 0.000,12.3,
00:02:07, 762,  0, 35,  0, 98, 63, 38,  0,104, 69,103, 760, 18,27, 0,    0, 1.587, 0.00,  4,N,N,N,N,Y,N,N,N,N,N,N,N,N,N,N,P/N, 0,128,128,140, 34,12.0,12.3, 0.0, 0.000, 0.9, 0.000, 0.000,12.3,
00:02:07, 750,  0, 36,  0, 98, 63, 39,  0,104, 69,103, 760, 17,27, 0,    0, 1.648, 0.00,  4,N,N,N,N,Y,N,N,N,N,N,N,N,N,N,N,P/N, 0,128,128,140, 34,12.0,12.3, 0.0, 0.000, 0.9, 0.000, 0.000,12.3,
00:02:07, 762,  0, 35,  0, 98, 63, 38,  0,104, 69,103, 760, 17,27, 0,    0, 1.617, 0.00,  4,N,N,N,N,Y,N,N,N,N,N,N,N,N,N,N,P/N, 0,128,128,140, 34,12.0,12.3, 0.0, 0.000, 0.6, 0.000, 0.000,12.3,
00:02:07, 787,  0, 35,  0, 98, 63, 38,  0,104, 69,103, 760, 17,27, 0,    0, 1.617, 0.00,  4,N,N,N,N,Y,N,N,N,N,N,N,N,N,N,N,P/N, 0,128,128,140, 33,12.0,12.4, 0.0, 0.000, 0.6, 0.000, 0.000,12.4,
00:02:07, 762,  0, 35,  0, 98, 63, 38,  0,104, 69,103, 760, 18,27, 0,    0, 1.617, 0.00,  4,N,N,N,N,Y,N,N,N,N,N,N,N,N,N,N,P/N, 0,128,128,140, 33,12.0,12.3, 0.0, 0.000, 0.0, 0.000, 0.000,12.3,
00:02:07, 775,  0, 35,  0, 98, 63, 38,  0,104, 69,103, 760, 18,27, 0,    0, 1.556, 0.00,  4,N,N,N,N,Y,N,N,N,N,N,N,N,N,N,N,P/N, 0,128,128,140, 33,12.0,12.4, 0.0, 0.000, 0.3, 0.000, 0.000,12.4,
00:02:07, 787,  0, 34,  0, 98, 64, 38,  0,104, 69,103, 756, 16,27, 0,    0, 1.587, 0.00,  4,N,N,N,N,Y,N,N,N,N,N,N,N,N,N,N,P/N, 0,128,128,140, 33,12.0,12.4, 0.0, 0.000, 0.0, 0.000, 0.000,12.4,
00:02:07, 775,  0, 35,  0, 98, 63, 38,  0,104, 69,103, 756, 17,27, 0,    0, 1.587, 0.00,  4,N,N,N,N,Y,N,N,N,N,N,N,N,N,N,N,P/N, 0,128,128,140, 33,12.0,12.4, 0.0, 0.000, 0.0, 0.000, 0.000,12.4,
00:02:07, 762,  0, 35,  0, 98, 63, 38,  0,104, 69,103, 756, 16,27, 0,    0, 1.617, 0.00,  4,N,N,N,N,Y,N,N,N,N,N,N,N,N,N,N,P/N, 0,128,128,140, 33,12.0,12.5, 0.0, 0.000, 0.3, 0.000, 0.000,12.5,
00:02:07, 750,  0, 35,  0, 98, 63, 37,  0,104, 69,103, 756, 16,27, 0,    0, 1.587, 0.00,  3,N,N,N,N,Y,N,N,N,N,N,N,N,N,N,N,P/N, 0,128,128,140, 33,12.0,12.5, 0.0, 0.000, 0.6, 0.000, 0.000,12.5,
00:02:07, 775,  0, 35,  0, 98, 63, 38,  0,104, 69,103, 756, 16,27, 0,    0, 1.587, 0.00,  4,N,N,N,N,Y,N,N,N,N,N,N,N,N,N,N,P/N, 0,128,128,140, 32,12.0,12.5, 0.0, 0.000, 0.3, 0.000, 0.000,12.5,
00:02:07, 775,  0, 35,  0, 98, 63, 38,  0,104, 69,103, 756, 16,27, 0,    0, 1.617, 0.00,  4,N,N,N,N,Y,N,N,N,N,N,N,N,N,N,N,P/N, 0,128,128,140, 32,12.0,12.5, 0.0, 0.000, 0.6, 0.000, 0.000,12.5,
00:02:07, 762,  0, 35,  0, 98, 63, 37,  0,104, 69,103, 760, 16,27, 0,    0, 1.587, 0.00,  4,N,N,N,N,Y,N,N,N,N,N,N,N,N,N,N,P/N, 0,128,128,140, 32,12.0,12.5, 0.0, 0.000, 0.3, 0.000, 0.000,12.5,
00:02:08, 762,  0, 34,  0, 98, 64, 38,  0,104, 69,103, 760, 17,27, 0,    0, 1.587, 0.00,  4,N,N,N,N,Y,N,N,N,N,N,N,N,N,N,N,P/N, 0,128,128,140, 32,12.0,12.4, 0.0, 0.000, 0.0, 0.000, 0.000,12.4,
00:02:08, 762,  0, 35,  0, 98, 63, 38,  0,104, 69,103, 756, 17,27, 0,    0, 1.587, 0.00,  4,N,N,N,N,Y,N,N,N,N,N,N,N,N,N,N,P/N, 0,128,128,140, 32,12.0,12.2, 0.0, 0.000, 0.0, 0.000, 0.000,12.2,
00:02:08, 775,  0, 35,  0, 98, 63, 36,  0,104, 69,103, 760, 15,27, 0,    0, 1.587, 0.00,  4,N,N,N,N,Y,N,N,N,N,N,N,N,N,N,N,P/N, 0,128,128,140, 32,12.0,12.3, 0.0, 0.000, 0.0, 0.000, 0.000,12.3,
00:02:08, 762,  0, 35,  0, 98, 63, 37,  0,104, 69,103, 760, 16,27, 0,    0, 1.556, 0.00,  3,N,N,N,N,Y,N,N,N,N,N,N,N,N,N,N,P/N, 0,128,128,140, 31,12.0,12.5, 0.0, 0.000, 0.3, 0.000, 0.000,12.5,
00:02:08, 725,  0, 35,  0, 98, 63, 38,  0,104, 69,103, 760, 16,27, 0,    0, 1.617, 0.00,  3,N,N,N,N,Y,N,N,N,N,N,N,N,N,N,N,P/N, 0,128,128,140, 31,12.0,12.5, 0.0, 0.000, 0.6, 0.000, 0.000,12.5,
00:02:08, 762,  0, 35,  0, 98, 63, 38,  0,104, 69,103, 760, 17,27, 0,    0, 1.587, 0.00,  4,N,N,N,N,Y,N,N,N,N,N,N,N,N,N,N,P/N, 0,128,128,140, 31,12.0,12.5, 0.0, 0.000, 0.6, 0.000, 0.000,12.5,
00:02:08, 737,  0, 35,  0, 98, 63, 38,  0,104, 69,103, 756, 16,27, 0,    0, 1.617, 0.00,  3,N,N,N,N,Y,N,N,N,N,N,N,N,N,N,N,P/N, 0,128,128,140, 31,12.0,12.5, 0.0, 0.000, 0.6, 0.000, 0.000,12.5,
00:02:08, 750,  0, 35,  0, 98, 63, 38,  0,104, 69,103, 756, 16,27, 0,    0, 1.587, 0.00,  3,N,N,N,N,Y,N,N,N,N,N,N,N,N,N,N,P/N, 0,128,128,140, 31,12.0,12.5, 0.0, 0.000, 0.3, 0.000, 0.000,12.5,
00:02:08, 762,  0, 36,  0, 98, 63, 38,  0,104, 69,103, 760, 16,27, 0,    0, 1.617, 0.00,  4,N,N,N,N,Y,N,N,N,N,N,N,N,N,N,N,P/N, 0,128,128,140, 31,12.0,12.5, 0.0, 0.000, 1.3, 0.000, 0.000,12.5,
00:02:08, 762,  0, 36,  0, 98, 63, 38,  0,104, 69,103, 756, 17,27, 0,    0, 1.587, 0.00,  4,N,N,N,N,Y,N,N,N,N,N,N,N,N,N,N,P/N, 0,128,128,140, 31,12.0,12.5, 0.0, 0.000, 0.9, 0.000, 0.000,12.5,
00:02:08, 750,  0, 35,  0, 98, 63, 38,  0,104, 69,103, 760, 16,27, 0,    0, 1.617, 0.00,  4,N,N,N,N,Y,N,N,N,N,N,N,N,N,N,N,P/N, 0,128,128,140, 31,12.0,12.5, 0.0, 0.000, 0.0, 0.000, 0.000,12.5,
00:02:08, 762,  0, 35,  0, 98, 63, 38,  0,104, 69,103, 756, 17,27, 0,    0, 1.587, 0.00,  4,N,N,N,N,Y,N,N,N,N,N,N,N,N,N,N,P/N, 0,128,128,140, 31,12.0,12.5, 0.0, 0.000, 0.0, 0.000, 0.000,12.5,
00:02:08, 750,  0, 35,  0, 98, 63, 38,  0,104, 69,103, 756, 16,27, 0,    0, 1.587, 0.00,  3,N,N,N,N,Y,N,N,N,N,N,N,N,N,N,N,P/N, 0,128,128,140, 31,12.0,12.6, 0.0, 0.000, 0.3, 0.000, 0.000,12.6,
00:02:08, 762,  0, 35,  0, 98, 63, 38,  0,104, 69,103, 760, 16,27, 0,    0, 1.587, 0.00,  4,N,N,N,N,Y,N,N,N,N,N,N,N,N,N,N,P/N, 0,128,128,140, 31,12.0,12.6, 0.0, 0.000, 0.0, 0.000, 0.000,12.6,
00:02:08, 775,  0, 35,  0, 98, 63, 38,  0,104, 69,103, 756, 16,27, 0,    0, 1.617, 0.00,  4,N,N,N,N,Y,N,N,N,N,N,N,N,N,N,N,P/N, 0,128,128,140, 30,12.0,12.6, 0.0, 0.000, 0.0, 0.000, 0.000,12.6,
00:02:08, 762,  0, 35,  0, 98, 63, 38,  0,104, 69,103, 756, 16,27, 0,    0, 1.556, 0.00,  3,N,N,N,N,Y,N,N,N,N,N,N,N,N,N,N,P/N, 0,128,128,140, 30,12.0,12.6, 0.0, 0.000, 0.0, 0.000, 0.000,12.6,
00:02:08, 737,  0, 34,  0, 98, 64, 36,  0,104, 69,103, 756, 16,27, 0,    0, 1.526, 0.00,  3,N,N,N,N,Y,N,N,N,N,N,N,N,N,N,N,P/N, 0,128,128,140, 30,12.0,12.6, 0.0, 0.000, 0.3, 0.000, 0.000,12.6,
00:02:09, 737,  0, 34,  0, 98, 64, 38,  0,104, 69,103, 743, 17,27, 0,    0, 1.587, 0.00,  3,N,N,N,N,Y,N,N,N,N,N,N,N,N,N,N,P/N, 0,128,128,140, 30,12.0,12.6, 0.0, 0.000, 0.0, 0.000, 0.000,12.6,
00:02:09, 762,  0, 35,  0, 98, 63, 38,  0,104, 69,103, 756, 16,27, 0,    0, 1.587, 0.00,  4,N,N,N,N,Y,N,N,N,N,N,N,N,N,N,N,P/N, 0,128,128,140, 30,12.0,12.6, 0.0, 0.000, 0.0, 0.000, 0.000,12.6,
00:02:09, 750,  0, 35,  0, 98, 64, 38,  0,104, 69,103, 756, 16,27, 0,    0, 1.587, 0.00,  3,N,N,N,N,Y,N,N,N,N,N,N,N,N,N,N,P/N, 0,128,128,140, 30,12.0,12.6, 0.0, 0.000, 0.3, 0.000, 0.000,12.6,
00:02:09, 775,  0, 35,  0, 98, 63, 37,  0,104, 69,103, 756, 16,27, 0,    0, 1.556, 0.00,  4,N,N,N,N,Y,N,N,N,N,N,N,N,N,N,N,P/N, 0,128,128,140, 30,12.0,12.6, 0.0, 0.000, 0.3, 0.000, 0.000,12.6,
00:02:09, 762,  0, 35,  0, 98, 63, 37,  0,104, 69,103, 756, 17,27, 0,    0, 1.617, 0.00,  4,N,N,N,N,Y,N,N,N,N,N,N,N,N,N,N,P/N, 0,128,128,140, 30,12.0,12.6, 0.0, 0.000, 0.0, 0.000, 0.000,12.6,
00:02:09, 787,  0, 34,  0, 98, 64, 38,  0,104, 69,103, 756, 17,27, 0,    0, 1.587, 0.00,  4,N,N,N,N,Y,N,N,N,N,N,N,N,N,N,N,P/N, 0,128,128,140, 30,12.0,12.6, 0.0, 0.000, 0.0, 0.000, 0.000,12.6,
00:02:09, 762,  0, 34,  0, 98, 64, 37,  0,104, 69,103, 756, 16,27, 0,    0, 1.526, 0.00,  3,N,N,N,N,Y,N,N,N,N,N,N,N,N,N,N,P/N, 0,128,128,140, 30,12.0,12.6, 0.0, 0.000, 0.0, 0.000, 0.000,12.6,
00:02:09, 762,  0, 35,  0, 98, 63, 36,  0,104, 69,103, 756, 17,27, 0,    0, 1.526, 0.00,  3,N,N,N,N,Y,N,N,N,N,N,N,N,N,N,N,P/N, 0,128,128,140, 30,12.0,12.6, 0.0, 0.000, 0.0, 0.000, 0.000,12.6,
00:02:09, 737,  0, 34,  0, 98, 64, 38,  0,104, 69,103, 751, 17,27, 0,    0, 1.587, 0.00,  3,N,N,N,N,Y,N,N,N,N,N,N,N,N,N,N,P/N, 0,128,128,140, 30,12.0,12.6, 0.0, 0.000, 0.0, 0.000, 0.000,12.6,
00:02:09, 750,  0, 35,  0, 98, 63, 38,  0,104, 69,103, 756, 16,27, 0,    0, 1.587, 0.00,  3,N,N,N,N,Y,N,N,N,N,N,N,N,N,N,N,P/N, 0,128,128,140, 30,12.0,12.6, 0.0, 0.000, 0.3, 0.000, 0.000,12.6,
00:02:09, 750,  0, 35,  0, 98, 63, 38,  0,106, 69,103, 756, 16,27, 0,    0, 1.617, 0.00,  4,N,N,N,N,Y,N,N,N,N,N,N,N,N,N,N,P/N, 0,128,128,140, 30,12.0,12.6, 0.0, 0.000, 0.3, 0.000, 0.000,12.6,
00:02:09, 737,  0, 35,  0, 98, 63, 38,  0,106, 69,104, 756, 16,27, 0,    0, 1.587, 0.00,  3,N,N,N,N,Y,N,N,N,N,N,N,N,N,N,N,P/N, 0,128,128,140, 30,12.0,12.6, 0.0, 0.000, 0.3, 0.000, 0.000,12.6,
00:02:09, 737,  0, 35,  0, 98, 63, 39,  0,106, 69,104, 760, 17,27, 0,    0, 1.648, 0.00,  4,N,N,N,N,Y,N,N,N,N,N,N,N,N,N,N,P/N, 0,128,128,140, 30,12.0,12.6, 0.0, 0.000, 0.0, 0.000, 0.000,12.6,
00:02:09, 750,  0, 35,  0, 98, 63, 38,  0,106, 69,104, 756, 16,27, 0,    0, 1.617, 0.00,  4,N,N,N,N,Y,N,N,N,N,N,N,N,N,N,N,P/N, 0,128,128,140, 30,12.0,12.6, 0.0, 0.000, 0.0, 0.000, 0.000,12.6,
00:02:09, 737,  0, 36,  0, 98, 63, 38,  0,106, 69,104, 756, 16,27, 0,    0, 1.587, 0.00,  3,N,N,N,N,Y,N,N,N,N,N,N,N,N,N,N,P/N, 0,128,128,140, 29,12.0,12.6, 0.0, 0.000, 0.6, 0.000, 0.000,12.6,
00:02:09, 712,  0, 35,  0, 98, 63, 37,  0,106, 69,104, 756, 16,28, 0,    0, 1.556, 0.00,  3,N,N,N,N,Y,N,N,N,N,N,N,N,N,N,N,P/N, 0,128,128,140, 29,12.0,12.6, 0.0, 0.000, 0.6, 0.000, 0.000,12.6,
00:02:09, 737,  0, 35,  0, 98, 63, 38,  0,106, 69,104, 751, 16,26, 0,    0, 1.587, 0.00,  3,N,N,N,N,Y,N,N,N,N,N,N,N,N,N,N,P/N, 0,128,128,140, 29,12.0,12.6, 0.0, 0.000, 0.0, 0.000, 0.000,12.6,
00:02:10, 712,  0, 35,  0, 98, 63, 39,  0,106, 69,104, 747, 16,28, 0,    0, 1.648, 0.00,  3,N,N,N,N,Y,N,N,N,N,N,N,N,N,N,N,P/N, 0,128,128,140, 29,12.0,12.6, 0.0, 0.000, 0.0, 0.000, 0.000,12.6,
00:02:10, 737,  0, 36,  0, 98, 63, 39,  0,106, 69,104, 756, 17,26, 0,    0, 1.648, 0.00,  4,N,N,N,N,Y,N,N,N,N,N,N,N,N,N,N,P/N, 0,128,128,140, 29,12.0,12.6, 0.0, 0.000, 0.6, 0.000, 0.000,12.6,
00:02:10, 737,  0, 35,  0, 98, 63, 39,  0,106, 69,104, 756, 17,26, 0,    0, 1.648, 0.00,  4,N,N,N,N,Y,N,N,N,N,N,N,N,N,N,N,P/N, 0,128,128,140, 29,12.0,12.6, 0.0, 0.000, 0.6, 0.000, 0.000,12.6,
00:02:10, 737,  0, 36,  0, 98, 63, 38,  0,106, 69,104, 756, 16,26, 0,    0, 1.587, 0.00,  3,N,N,N,N,Y,N,N,N,N,N,N,N,N,N,N,P/N, 0,128,128,140, 29,12.0,12.7, 0.0, 0.000, 0.6, 0.000, 0.000,12.7,
00:02:10, 750,  0, 35,  0, 98, 63, 39,  0,106, 69,104, 756, 17,28, 0,    0, 1.648, 0.00,  4,N,N,N,N,Y,N,N,N,N,N,N,N,N,N,N,P/N, 0,128,128,140, 29,12.0,12.7, 0.0, 0.000, 0.0, 0.000, 0.000,12.7,
00:02:10, 737,  0, 36,  0, 98, 63, 38,  0,106, 69,104, 751, 15,26, 0,    0, 1.617, 0.00,  3,N,N,N,N,Y,N,N,N,N,N,N,N,N,N,N,P/N, 0,128,128,140, 29,12.0,12.7, 0.0, 0.000, 0.0, 0.000, 0.000,12.7,
00:02:10, 712,  0, 35,  0, 98, 63, 39,  0,106, 69,104, 756, 16,28, 0,    0, 1.648, 0.00,  3,N,N,N,N,Y,N,N,N,N,N,N,N,N,N,N,P/N, 0,128,128,140, 29,12.0,12.7, 0.0, 0.000, 0.0, 0.000, 0.000,12.7,
00:02:10, 762,  0, 35,  0, 98, 63, 38,  0,106, 69,104, 756, 16,26, 0,    0, 1.617, 0.00,  4,N,N,N,N,Y,N,N,N,N,N,N,N,N,N,N,P/N, 0,128,128,140, 29,12.0,12.7, 0.0, 0.000, 0.3, 0.000, 0.000,12.7,
00:02:10, 737,  0, 35,  0, 98, 63, 38,  0,106, 69,104, 751, 16,26, 0,    0, 1.587, 0.00,  3,N,N,N,N,Y,N,N,N,N,N,N,N,N,N,N,P/N, 0,128,128,140, 29,12.0,12.7, 0.0, 0.000, 0.6, 0.000, 0.000,12.7,
00:02:10, 737,  0, 36,  0, 98, 63, 37,  0,106, 69,104, 756, 15,26, 0,    0, 1.556, 0.00,  3,N,N,N,N,Y,N,N,N,N,N,N,N,N,N,N,P/N, 0,128,128,140, 29,12.0,12.7, 0.0, 0.000, 0.6, 0.000, 0.000,12.7,
00:02:10, 750,  0, 35,  0, 98, 63, 39,  0,106, 69,104, 747, 17,25, 0,    0, 1.648, 0.00,  4,N,N,N,N,Y,N,N,N,N,N,N,N,N,N,N,P/N, 0,128,128,140, 29,12.0,12.5, 0.0, 0.000, 0.0, 0.000, 0.000,12.5,
00:02:10, 725,  0, 36,  0, 98, 63, 39,  0,106, 69,104, 756, 17,28, 0,    0, 1.648, 0.00,  3,N,N,N,N,Y,N,N,N,N,N,N,N,N,N,N,P/N, 0,128,128,140, 29,12.0,12.7, 0.0, 0.000, 0.6, 0.000, 0.000,12.7,
00:02:10, 750,  0, 36,  0, 98, 63, 38,  0,106, 69,104, 756, 17,25, 0,    0, 1.617, 0.00,  4,N,N,N,N,Y,N,N,N,N,N,N,N,N,N,N,P/N, 0,128,128,140, 29,12.0,12.7, 0.0, 0.000, 0.6, 0.000, 0.000,12.7,
00:02:10, 750,  0, 35,  0, 98, 63, 38,  0,106, 69,104, 756, 16,26, 0,    0, 1.587, 0.00,  3,N,N,N,N,Y,N,N,N,N,N,N,N,N,N,N,P/N, 0,128,128,140, 29,12.0,12.8, 0.0, 0.000, 0.0, 0.000, 0.000,12.8,
00:02:10, 725,  0, 36,  0, 98, 63, 39,  0,106, 69,104, 756, 16,28, 0,    0, 1.648, 0.00,  3,N,N,N,N,Y,N,N,N,N,N,N,N,N,N,N,P/N, 0,128,128,140, 29,12.0,12.7, 0.0, 0.000, 0.0, 0.000, 0.000,12.7,
00:02:10, 737,  0, 35,  0, 98, 63, 38,  0,106, 69,104, 756, 16,26, 0,    0, 1.587, 0.00,  3,N,N,N,N,Y,N,N,N,N,N,N,N,N,N,N,P/N, 0,128,128,140, 29,12.0,12.7, 0.0, 0.000, 0.0, 0.000, 0.000,12.7,
00:02:10, 712,  0, 35,  0, 98, 63, 37,  0,106, 69,104, 756, 15,24, 0,    0, 1.556, 0.00,  3,N,N,N,N,Y,N,N,N,N,N,N,N,N,N,N,P/N, 0,128,128,140, 29,12.0,12.7, 0.0, 0.000, 0.0, 0.000, 0.000,12.7,
00:02:11, 737,  0, 35,  0, 98, 63, 37,  0,106, 69,104, 756, 17,26, 0,    0, 1.556, 0.00,  3,N,N,N,N,Y,N,N,N,N,N,N,N,N,N,N,P/N, 0,128,128,140, 29,12.0,12.7, 0.0, 0.000, 0.6, 0.000, 0.000,12.7,
00:02:11, 725,  0, 35,  0, 98, 63, 38,  0,106, 69,104, 756, 16,28, 0,    0, 1.617, 0.00,  3,N,N,N,N,Y,N,N,N,N,N,N,N,N,N,N,P/N, 0,128,128,140, 29,12.0,12.7, 0.0, 0.000, 0.0, 0.000, 0.000,12.7,
00:02:11, 712,  0, 35,  0, 98, 63, 39,  0,106, 69,104, 751, 16,28, 0,    0, 1.648, 0.00,  3,N,N,N,N,Y,N,N,N,N,N,N,N,N,N,N,P/N, 0,128,128,140, 29,12.0,12.6, 0.0, 0.000, 0.0, 0.000, 0.000,12.6,
00:02:11, 725,  0, 36,  0, 98, 62, 39,  0,106, 69,104, 751, 17,28, 0,    0, 1.648, 0.00,  3,N,N,N,N,Y,N,N,N,N,N,N,N,N,N,N,P/N, 0,128,128,140, 29,12.0,12.7, 0.0, 0.000, 0.9, 0.000, 0.000,12.7,
00:02:11, 737,  0, 36,  0, 98, 63, 39,  0,106, 69,104, 756, 16,26, 0,    0, 1.648, 0.00,  4,N,N,N,N,Y,N,N,N,N,N,N,N,N,N,N,P/N, 0,128,128,140, 29,12.0,12.7, 0.0, 0.000, 0.6, 0.000, 0.000,12.7,
00:02:11, 725,  0, 36,  0, 98, 63, 39,  0,106, 69,104, 756, 16,28, 0,    0, 1.587, 0.00,  3,N,N,N,N,Y,N,N,N,N,N,N,N,N,N,N,P/N, 0,128,128,140, 29,12.0,12.7, 0.0, 0.000, 0.6, 0.000, 0.000,12.7,
00:02:11, 737,  0, 36,  0, 98, 63, 38,  0,106, 69,104, 760, 16,25, 0,    0, 1.617, 0.00,  3,N,N,N,N,Y,N,N,N,N,N,N,N,N,N,N,P/N, 0,128,128,140, 29,12.0,12.7, 0.0, 0.000, 0.0, 0.000, 0.000,12.7,
00:02:11, 750,  0, 36,  0, 98, 63, 38,  0,106, 69,104, 756, 16,25, 0,    0, 1.587, 0.00,  3,N,N,N,N,Y,N,N,N,N,N,N,N,N,N,N,P/N, 0,128,128,140, 29,12.0,12.7, 0.0, 0.000, 0.0, 0.000, 0.000,12.7,
00:02:11, 725,  0, 35,  0, 98, 63, 39,  0,106, 69,104, 756, 16,28, 0,    0, 1.648, 0.00,  3,N,N,N,N,Y,N,N,N,N,N,N,N,N,N,N,P/N, 0,128,128,140, 29,12.0,12.7, 0.0, 0.000, 0.0, 0.000, 0.000,12.7,
00:02:11, 725,  0, 35,  0, 98, 63, 38,  0,106, 69,104, 756, 17,26, 0,    0, 1.587, 0.00,  3,N,N,N,N,Y,N,N,N,N,N,N,N,N,N,N,P/N, 0,128,128,140, 29,12.0,12.7, 0.0, 0.000, 0.3, 0.000, 0.000,12.7,
00:02:11, 725,  0, 35,  0, 98, 63, 39,  0,106, 69,104, 756, 16,28, 0,    0, 1.648, 0.00,  3,N,N,N,N,Y,N,N,N,N,N,N,N,N,N,N,P/N, 0,128,128,140, 29,12.0,12.7, 0.0, 0.000, 0.6, 0.000, 0.000,12.7,
00:02:11, 725,  0, 36,  0, 98, 62, 38,  0,106, 69,104, 756, 16,28, 0,    0, 1.678, 0.00,  4,N,N,N,N,Y,N,N,N,N,N,N,N,N,N,N,P/N, 0,128,128,140, 29,12.0,12.7, 0.0, 0.000, 0.6, 0.000, 0.000,12.7,
00:02:11, 737,  0, 35,  0, 98, 63, 39,  0,106, 69,104, 756, 16,28, 0,    0, 1.648, 0.00,  4,N,N,N,N,Y,N,N,N,N,N,N,N,N,N,N,P/N, 0,128,128,140, 29,12.0,12.7, 0.0, 0.000, 0.3, 0.000, 0.000,12.7,
00:02:11, 725,  0, 36,  0, 98, 63, 39,  0,106, 69,104, 756, 16,28, 0,    0, 1.648, 0.00,  3,N,N,N,N,Y,N,N,N,N,N,N,N,N,N,N,P/N, 0,128,128,140, 29,12.0,12.7, 0.0, 0.000, 0.0, 0.000, 0.000,12.7,
00:02:11, 737,  0, 36,  0, 98, 62, 39,  0,106, 69,104, 756, 16,26, 0,    0, 1.648, 0.00,  4,N,N,N,N,Y,N,N,N,N,N,N,N,N,N,N,P/N, 0,128,128,140, 29,12.0,12.7, 0.0, 0.000, 0.6, 0.000, 0.000,12.7,
00:02:11, 725,  0, 36,  0, 98, 63, 38,  0,106, 69,104, 756, 17,25, 0,    0, 1.587, 0.00,  3,N,N,N,N,Y,N,N,N,N,N,N,N,N,N,N,P/N, 0,128,128,140, 29,12.0,12.7, 0.0, 0.000, 0.0, 0.000, 0.000,12.7,
00:02:11, 762,  0, 36,  0, 98, 63, 37,  0,106, 69,104, 747, 15,24, 0,    0, 1.556, 0.00,  3,N,N,N,N,Y,N,N,N,N,N,N,N,N,N,N,P/N, 0,128,128,140, 29,12.0,12.6, 0.0, 0.000, 0.0, 0.000, 0.000,12.6,
00:02:12, 737,  0, 35,  0, 98, 63, 38,  0,106, 69,104, 756, 16,26, 0,    0, 1.587, 0.00,  3,N,N,N,N,Y,N,N,N,N,N,N,N,N,N,N,P/N, 0,128,128,140, 29,12.0,12.6, 0.0, 0.000, 0.0, 0.000, 0.000,12.6,
00:02:12, 775,  0, 35,  0, 98, 63, 38,  0,106, 69,104, 760, 17,24, 0,    0, 1.617, 0.00,  4,N,N,N,N,Y,N,N,N,N,N,N,N,N,N,N,P/N, 0,128,128,140, 29,12.0,12.6, 0.0, 0.000, 0.0, 0.000, 0.000,12.6,
00:02:12, 737,  0, 35,  0, 98, 63, 38,  0,106, 69,104, 760, 16,26, 0,    0, 1.587, 0.00,  3,N,N,N,N,Y,N,N,N,N,N,N,N,N,N,N,P/N, 0,128,128,140, 29,12.0,12.6, 0.0, 0.000, 0.3, 0.000, 0.000,12.6,
00:02:12, 712,  0, 35,  0, 98, 63, 38,  0,106, 69,104, 760, 17,28, 0,    0, 1.587, 0.00,  3,N,N,N,N,Y,N,N,N,N,N,N,N,N,N,N,P/N, 0,128,128,140, 29,12.0,12.5, 0.0, 0.000, 0.3, 0.000, 0.000,12.5,
00:02:12, 737,  0, 36,  0, 98, 63, 38,  0,106, 69,104, 756, 15,26, 0,    0, 1.617, 0.00,  3,N,N,N,N,Y,N,N,N,N,N,N,N,N,N,N,P/N, 0,128,128,140, 29,12.0,12.6, 0.0, 0.000, 0.3, 0.000, 0.000,12.6,
00:02:12, 725,  0, 36,  0, 98, 63, 39,  0,106, 69,104, 760, 17,28, 0,    0, 1.678, 0.00,  4,N,N,N,N,Y,N,N,N,N,N,N,N,N,N,N,P/N, 0,128,128,140, 29,12.0,12.6, 0.0, 0.000, 0.0, 0.000, 0.000,12.6,
00:02:12, 737,  0, 36,  0, 98, 63, 39,  0,106, 69,104, 760, 16,26, 0,    0, 1.648, 0.00,  4,N,N,N,N,Y,N,N,N,N,N,N,N,N,N,N,P/N, 0,128,128,140, 29,12.0,12.6, 0.0, 0.000, 0.6, 0.000, 0.000,12.6,
00:02:12, 750,  0, 36,  0, 98, 63, 38,  0,106, 69,104, 756, 15,28, 0,    0, 1.617, 0.00,  4,N,N,N,N,Y,N,N,N,N,N,N,N,N,N,N,P/N, 0,128,128,140, 28,12.0,12.6, 0.0, 0.000, 0.3, 0.000, 0.000,12.6,
00:02:12, 737,  0, 35,  0, 98, 63, 38,  0,106, 69,104, 760, 16,28, 0,    0, 1.587, 0.00,  3,N,N,N,N,Y,N,N,N,N,N,N,N,N,N,N,P/N, 0,128,128,140, 28,12.0,12.6, 0.0, 0.000, 0.3, 0.000, 0.000,12.6,
00:02:12, 737,  0, 35,  0, 98, 63, 37,  0,106, 69,104, 760, 17,26, 0,    0, 1.556, 0.00,  3,N,N,N,N,Y,N,N,N,N,N,N,N,N,N,N,P/N, 0,128,128,140, 28,12.0,12.6, 0.0, 0.000, 0.0, 0.000, 0.000,12.6,
00:02:12, 737,  0, 35,  0, 98, 63, 37,  0,106, 69,104, 751, 15,26, 0,    0, 1.648, 0.00,  4,N,N,N,N,Y,N,N,N,N,N,N,N,N,N,N,P/N, 0,128,128,140, 28,12.0,12.6, 0.0, 0.000, 0.0, 0.000, 0.000,12.6,
00:02:12, 750,  0, 36,  0, 98, 63, 39,  0,106, 69,104, 760, 16,25, 0,    0, 1.648, 0.00,  4,N,N,N,N,Y,N,N,N,N,N,N,N,N,N,N,P/N, 0,128,128,140, 28,12.0,12.6, 0.0, 0.000, 0.3, 0.000, 0.000,12.6,
00:02:12, 750,  0, 35,  0, 98, 63, 38,  0,106, 69,104, 756, 16,25, 0,    0, 1.617, 0.00,  4,N,N,N,N,Y,N,N,N,N,N,N,N,N,N,N,P/N, 0,128,128,140, 28,12.0,12.4, 0.0, 0.000, 0.0, 0.000, 0.000,12.4,
00:02:12, 725,  0, 36,  0, 98, 63, 37,  0,106, 69,104, 760, 16,28, 0,    0, 1.587, 0.00,  3,N,N,N,N,Y,N,N,N,N,N,N,N,N,N,N,P/N, 0,128,128,140, 28,12.0,12.6, 0.0, 0.000, 0.3, 0.000, 0.000,12.6,
00:02:12, 737,  0, 35,  0, 98, 63, 38,  0,106, 69,104, 760, 16,25, 0,    0, 1.587, 0.00,  3,N,N,N,N,Y,N,N,N,N,N,N,N,N,N,N,P/N, 0,128,128,140, 28,12.0,12.6, 0.0, 0.000, 0.0, 0.000, 0.000,12.6,
00:02:12, 750,  0, 35,  0, 98, 63, 38,  0,106, 69,104, 760, 16,25, 0,    0, 1.587, 0.00,  3,N,N,N,N,Y,N,N,N,N,N,N,N,N,N,N,P/N, 0,128,128,140, 28,12.0,12.6, 0.0, 0.000, 0.0, 0.000, 0.000,12.6,
00:02:12, 737,  0, 35,  0, 98, 63, 38,  0,106, 69,104, 760, 16,26, 0,    0, 1.617, 0.00,  3,N,N,N,N,Y,N,N,N,N,N,N,N,N,N,N,P/N, 0,128,128,140, 28,12.0,12.6, 0.0, 0.000, 0.0, 0.000, 0.000,12.6,
00:02:13, 750,  0, 35,  0, 98, 63, 38,  0,106, 69,104, 760, 16,28, 0,    0, 1.587, 0.00,  3,N,N,N,N,Y,N,N,N,N,N,N,N,N,N,N,P/N, 0,128,128,140, 28,12.0,12.6, 0.0, 0.000, 0.0, 0.000, 0.000,12.6,
00:02:13, 737,  0, 35,  0, 98, 63, 37,  0,106, 69,104, 751, 15,26, 0,    0, 1.556, 0.00,  3,N,N,N,N,Y,N,N,N,N,N,N,N,N,N,N,P/N, 0,128,128,140, 28,12.0,12.6, 0.0, 0.000, 0.0, 0.000, 0.000,12.6,
00:02:13, 737,  0, 35,  0, 98, 63, 37,  0,106, 69,104, 756, 15,26, 0,    0, 1.556, 0.00,  3,N,N,N,N,Y,N,N,N,N,N,N,N,N,N,N,P/N, 0,128,128,140, 28,12.0,12.6, 0.0, 0.000, 0.0, 0.000, 0.000,12.6,
00:02:13, 750,  0, 35,  0, 98, 63, 38,  0,106, 69,104, 760, 16,25, 0,    0, 1.587, 0.00,  3,N,N,N,N,Y,N,N,N,N,N,N,N,N,N,N,P/N, 0,128,128,140, 28,12.0,12.6, 0.0, 0.000, 0.0, 0.000, 0.000,12.6,
00:02:13, 737,  0, 35,  0, 98, 63, 38,  0,106, 69,104, 760, 16,26, 0,    0, 1.587, 0.00,  3,N,N,N,N,Y,N,N,N,N,N,N,N,N,N,N,P/N, 0,128,128,140, 28,12.0,12.6, 0.0, 0.000, 0.0, 0.000, 0.000,12.6,
00:02:13, 725,  0, 36,  0, 98, 63, 39,  0,106, 69,104, 760, 16,28, 0,    0, 1.648, 0.00,  3,N,N,N,N,Y,N,N,N,N,N,N,N,N,N,N,P/N, 0,128,128,140, 28,12.0,12.6, 0.0, 0.000, 0.3, 0.000, 0.000,12.6,
00:02:13, 750,  0, 36,  0, 98, 63, 39,  0,106, 69,104, 760, 16,26, 0,    0, 1.648, 0.00,  4,N,N,N,N,Y,N,N,N,N,N,N,N,N,N,N,P/N, 0,128,128,140, 28,12.0,12.6, 0.0, 0.000, 0.3, 0.000, 0.000,12.6,
00:02:13, 750,  0, 36,  0, 98, 63, 38,  0,106, 69,104, 760, 15,25, 0,    0, 1.617, 0.00,  4,N,N,N,N,Y,N,N,N,N,N,N,N,N,N,N,P/N, 0,128,128,140, 28,12.0,12.6, 0.0, 0.000, 0.0, 0.000, 0.000,12.6,
00:02:13, 725,  0, 36,  0, 98, 62, 39,  0,106, 69,104, 760, 16,28, 0,    0, 1.648, 0.00,  3,N,N,N,N,Y,N,N,N,N,N,N,N,N,N,N,P/N, 0,128,128,140, 28,12.0,12.6, 0.0, 0.000, 0.0, 0.000, 0.000,12.6,
00:02:13, 737,  0, 35,  0, 98, 63, 38,  0,106, 69,104, 756, 16,26, 0,    0, 1.617, 0.00,  3,N,N,N,N,Y,N,N,N,N,N,N,N,N,N,N,P/N, 0,128,128,140, 28,12.0,12.6, 0.0, 0.000, 0.0, 0.000, 0.000,12.6,
00:02:13, 712,  0, 36,  0, 98, 63, 38,  0,106, 69,104, 756, 16,28, 0,    0, 1.617, 0.00,  3,N,N,N,N,Y,N,N,N,N,N,N,N,N,N,N,P/N, 0,128,128,140, 28,12.0,12.6, 0.0, 0.000, 0.6, 0.000, 0.000,12.6,
00:02:13, 725,  0, 36,  0, 98, 63, 38,  0,106, 69,104, 756, 16,28, 0,    0, 1.617, 0.00,  3,N,N,N,N,Y,N,N,N,N,N,N,N,N,N,N,P/N, 0,128,128,140, 28,12.0,12.5, 0.0, 0.000, 0.6, 0.000, 0.000,12.5,
00:02:13, 725,  0, 36,  0, 98, 62, 39,  0,106, 69,104, 756, 16,28, 0,    0, 1.648, 0.00,  3,N,N,N,N,Y,N,N,N,N,N,N,N,N,N,N,P/N, 0,128,128,140, 28,12.0,12.7, 0.0, 0.000, 0.6, 0.000, 0.000,12.7,
00:02:13, 725,  0, 36,  0, 98, 62, 39,  0,106, 69,104, 756, 16,28, 0,    0, 1.678, 0.00,  4,N,N,N,N,Y,N,N,N,N,N,N,N,N,N,N,P/N, 0,128,128,140, 28,12.0,12.7, 0.0, 0.000, 0.0, 0.000, 0.000,12.7,
00:02:13, 737,  0, 36,  0, 98, 63, 39,  0,106, 69,104, 756, 17,26, 0,    0, 1.648, 0.00,  4,N,N,N,N,Y,N,N,N,N,N,N,N,N,N,N,P/N, 0,128,128,140, 28,12.0,12.8, 0.0, 0.000, 0.0, 0.000, 0.000,12.8,
00:02:13, 750,  0, 35,  0, 98, 63, 39,  0,106, 69,104, 756, 16,25, 0,    0, 1.648, 0.00,  4,N,N,N,N,Y,N,N,N,N,N,N,N,N,N,N,P/N, 0,128,128,140, 28,12.0,12.7, 0.0, 0.000, 0.0, 0.000, 0.000,12.7,
00:02:13, 712,  0, 36,  0, 98, 62, 38,  0,106, 69,104, 756, 16,28, 0,    0, 1.617, 0.00,  3,N,N,N,N,Y,N,N,N,N,N,N,N,N,N,N,P/N, 0,128,128,140, 28,12.0,12.8, 0.0, 0.000, 0.6, 0.000, 0.000,12.8,
00:02:14, 725,  0, 35,  0, 98, 63, 38,  0,106, 69,104, 756, 16,28, 0,    0, 1.587, 0.00,  3,N,N,N,N,Y,N,N,N,N,N,N,N,N,N,N,P/N, 0,128,128,140, 28,12.0,12.8, 0.0, 0.000, 0.3, 0.000, 0.000,12.8,
00:02:14, 725,  0, 36,  0, 98, 63, 38,  0,106, 69,104, 756, 16,26, 0,    0, 1.648, 0.00,  3,N,N,N,N,Y,N,N,N,N,N,N,N,N,N,N,P/N, 0,128,128,140, 27,12.0,12.6, 0.0, 0.000, 0.0, 0.000, 0.000,12.6,
00:02:14, 712,  0, 36,  0, 98, 63, 39,  0,106, 69,104, 756, 16,28, 0,    0, 1.678, 0.00,  3,N,N,N,N,Y,N,N,N,N,N,N,N,N,N,N,P/N, 0,128,128,140, 27,12.0,12.8, 0.0, 0.000, 0.0, 0.000, 0.000,12.8,
00:02:14, 725,  0, 35,  0, 98, 63, 38,  0,106, 69,104, 756, 16,28, 0,    0, 1.587, 0.00,  3,N,N,N,N,Y,N,N,N,N,N,N,N,N,N,N,P/N, 0,128,128,140, 27,12.0,12.8, 0.0, 0.000, 0.0, 0.000, 0.000,12.8,
00:02:14, 725,  0, 36,  0, 98, 63, 38,  0,106, 69,104, 756, 15,28, 0,    0, 1.587, 0.00,  3,N,N,N,N,Y,N,N,N,N,N,N,N,N,N,N,P/N, 0,128,128,140, 27,12.0,12.8, 0.0, 0.000, 0.0, 0.000, 0.000,12.8,
00:02:14, 712,  0, 36,  0, 98, 63, 36,  0,106, 69,104, 756, 17,25, 0,    0, 1.526, 0.00,  3,N,N,N,N,Y,N,N,N,N,N,N,N,N,N,N,P/N, 0,128,128,140, 27,12.0,12.8, 0.0, 0.000, 0.3, 0.000, 0.000,12.8,
00:02:14, 750,  0, 35,  0, 98, 63, 37,  0,106, 69,104, 756, 15,25, 0,    0, 1.556, 0.00,  3,N,N,N,N,Y,N,N,N,N,N,N,N,N,N,N,P/N, 0,128,128,140, 27,12.0,12.8, 0.0, 0.000, 0.0, 0.000, 0.000,12.8,
00:02:14, 725,  0, 35,  0, 98, 63, 37,  0,106, 69,104, 751, 16,28, 0,    0, 1.556, 0.00,  3,N,N,N,N,Y,N,N,N,N,N,N,N,N,N,N,P/N, 0,128,128,140, 27,12.0,12.8, 0.0, 0.000, 0.0, 0.000, 0.000,12.8,
00:02:14, 725,  0, 35,  0, 98, 63, 39,  0,106, 69,104, 751, 16,28, 0,    0, 1.648, 0.00,  3,N,N,N,N,Y,N,N,N,N,N,N,N,N,N,N,P/N, 0,128,128,140, 27,12.0,12.8, 0.0, 0.000, 0.0, 0.000, 0.000,12.8,
00:02:14, 725,  0, 36,  0, 98, 63, 39,  0,106, 69,104, 756, 16,28, 0,    0, 1.648, 0.00,  3,N,N,N,N,Y,N,N,N,N,N,N,N,N,N,N,P/N, 0,128,128,140, 27,12.0,12.7, 0.0, 0.000, 0.3, 0.000, 0.000,12.7,
00:02:14, 712,  0, 35,  0, 98, 63, 39,  0,106, 69,104, 760, 16,28, 0,    0, 1.648, 0.00,  3,N,N,N,N,Y,N,N,N,N,N,N,N,N,N,N,P/N, 0,128,128,140, 27,12.0,12.8, 0.0, 0.000, 0.0, 0.000, 0.000,12.8,
00:02:14, 725,  0, 35,  0, 98, 63, 37,  0,106, 69,104, 760, 16,28, 0,    0, 1.556, 0.00,  3,N,N,N,N,Y,N,N,N,N,N,N,N,N,N,N,P/N, 0,128,128,140, 27,12.0,12.7, 0.0, 0.000, 0.0, 0.000, 0.000,12.7,
00:02:14, 737,  0, 35,  0, 98, 63, 38,  0,106, 69,104, 760, 16,26, 0,    0, 1.587, 0.00,  3,N,N,N,N,Y,N,N,N,N,N,N,N,N,N,N,P/N, 0,128,128,140, 27,12.0,12.7, 0.0, 0.000, 0.0, 0.000, 0.000,12.7,
00:02:14, 712,  0, 36,  0, 98, 63, 37,  0,106, 69,104, 756, 15,28, 0,    0, 1.556, 0.00,  3,N,N,N,N,Y,N,N,N,N,N,N,N,N,N,N,P/N, 0,128,128,140, 27,12.0,12.7, 0.0, 0.000, 0.0, 0.000, 0.000,12.7,
00:02:14, 712,  0, 35,  0, 98, 63, 39,  0,107, 69,104, 756, 16,28, 0,    0, 1.648, 0.00,  3,N,N,N,N,Y,N,N,N,N,N,N,N,N,N,N,P/N, 0,128,128,140, 27,12.0,12.7, 0.0, 0.000, 0.0, 0.000, 0.000,12.7,
00:02:14, 712,  0, 36,  0, 98, 62, 38,  0,107, 69,106, 751, 15,28, 0,    0, 1.648, 0.00,  3,N,N,N,N,Y,N,N,N,N,N,N,N,N,N,N,P/N, 0,128,128,140, 27,12.0,12.7, 0.0, 0.000, 0.6, 0.000, 0.000,12.7,
00:02:14, 725,  0, 36,  0, 98, 62, 39,  0,107, 69,106, 760, 16,28, 0,    0, 1.648, 0.00,  3,N,N,N,N,Y,N,N,N,N,N,N,N,N,N,N,P/N, 0,128,128,140, 27,12.0,12.7, 0.0, 0.000, 0.6, 0.000, 0.000,12.7,
00:02:15, 725,  0, 36,  0, 98, 62, 39,  0,107, 69,106, 756, 17,28, 0,    0, 1.617, 0.00,  3,N,N,N,N,Y,N,N,N,N,N,N,N,N,N,N,P/N, 0,128,128,140, 27,12.0,12.7, 0.0, 0.000, 0.6, 0.000, 0.000,12.7,
00:02:15, 712,  0, 35,  0, 98, 62, 38,  0,107, 69,106, 756, 16,28, 0,    0, 1.617, 0.00,  3,N,N,N,N,Y,N,N,N,N,N,N,N,N,N,N,P/N, 0,128,128,140, 27,12.0,12.7, 0.0, 0.000, 0.3, 0.000, 0.000,12.7,
00:02:15, 725,  0, 35,  0, 98, 63, 38,  0,107, 69,106, 760, 16,26, 0,    0, 1.556, 0.00,  3,N,N,N,N,Y,N,N,N,N,N,N,N,N,N,N,P/N, 0,128,128,140, 27,12.0,12.7, 0.0, 0.000, 0.3, 0.000, 0.000,12.7,
00:02:15, 737,  0, 36,  0, 98, 63, 38,  0,107, 69,106, 756, 15,25, 0,    0, 1.648, 0.00,  4,N,N,N,N,Y,N,N,N,N,N,N,N,N,N,N,P/N, 0,128,128,140, 27,12.0,12.6, 0.0, 0.000, 0.3, 0.000, 0.000,12.6,
00:02:15, 725,  0, 36,  0, 98, 63, 38,  0,107, 69,106, 756, 15,26, 0,    0, 1.617, 0.00,  3,N,N,N,N,Y,N,N,N,N,N,N,N,N,N,N,P/N, 0,128,128,140, 27,12.0,12.7, 0.0, 0.000, 0.3, 0.000, 0.000,12.7,
00:02:15, 712,  0, 36,  0, 98, 62, 39,  0,107, 69,106, 760, 16,28, 0,    0, 1.648, 0.00,  3,N,N,N,N,Y,N,N,N,N,N,N,N,N,N,N,P/N, 0,128,128,140, 27,12.0,12.7, 0.0, 0.000, 0.3, 0.000, 0.000,12.7,
00:02:15, 737,  0, 36,  0, 98, 63, 39,  0,107, 69,106, 756, 15,25, 0,    0, 1.648, 0.00,  4,N,N,N,N,Y,N,N,N,N,N,N,N,N,N,N,P/N, 0,128,128,140, 27,12.0,12.7, 0.0, 0.000, 0.3, 0.000, 0.000,12.7,
00:02:15, 700,  0, 36,  0, 98, 63, 39,  0,107, 69,106, 756, 16,28, 0,    0, 1.648, 0.00,  3,N,N,N,N,Y,N,N,N,N,N,N,N,N,N,N,P/N, 0,128,128,140, 27,12.0,12.8, 0.0, 0.000, 0.3, 0.000, 0.000,12.8,
00:02:15, 712,  0, 36,  0, 98, 62, 39,  0,107, 69,106, 756, 16,28, 0,    0, 1.617, 0.00,  3,N,N,N,N,Y,N,N,N,N,N,N,N,N,N,N,P/N, 0,128,128,140, 27,12.0,12.7, 0.0, 0.000, 0.6, 0.000, 0.000,12.7,
00:02:15, 725,  0, 36,  0, 98, 62, 39,  0,107, 69,106, 756, 16,26, 0,    0, 1.648, 0.00,  3,N,N,N,N,Y,N,N,N,N,N,N,N,N,N,N,P/N, 0,128,128,140, 27,12.0,12.8, 0.0, 0.000, 0.3, 0.000, 0.000,12.8,
00:02:15, 712,  0, 36,  0, 98, 62, 39,  0,107, 69,106, 756, 16,28, 0,    0, 1.617, 0.00,  3,N,N,N,N,Y,N,N,N,N,N,N,N,N,N,N,P/N, 0,128,128,140, 27,12.0,12.9, 0.0, 0.000, 0.3, 0.000, 0.000,12.9,
00:02:15, 712,  0, 36,  0, 98, 62, 39,  0,107, 69,106, 756, 16,28, 0,    0, 1.617, 0.00,  3,N,N,N,N,Y,N,N,N,N,N,N,N,N,N,N,P/N, 0,128,128,140, 27,12.0,12.8, 0.0, 0.000, 0.0, 0.000, 0.000,12.8,
00:02:15, 725,  0, 35,  0, 98, 62, 39,  0,107, 69,106, 756, 16,26, 0,    0, 1.648, 0.00,  3,N,N,N,N,Y,N,N,N,N,N,N,N,N,N,N,P/N, 0,128,128,140, 27,12.0,12.9, 0.0, 0.000, 0.0, 0.000, 0.000,12.9,
00:02:15, 712,  0, 36,  0, 98, 63, 39,  0,107, 69,106, 756, 16,28, 0,    0, 1.648, 0.00,  3,N,N,N,N,Y,N,N,N,N,N,N,N,N,N,N,P/N, 0,128,128,140, 27,12.0,12.9, 0.0, 0.000, 0.3, 0.000, 0.000,12.9,
00:02:15, 737,  0, 35,  0, 98, 63, 39,  0,107, 69,106, 756, 16,25, 0,    0, 1.617, 0.00,  3,N,N,N,N,Y,N,N,N,N,N,N,N,N,N,N,P/N, 0,128,128,140, 27,12.0,12.9, 0.0, 0.000, 0.3, 0.000, 0.000,12.9,
00:02:15, 712,  0, 36,  0, 98, 63, 38,  0,107, 69,106, 756, 15,28, 0,    0, 1.617, 0.00,  3,N,N,N,N,Y,N,N,N,N,N,N,N,N,N,N,P/N, 0,128,128,140, 27,12.0,12.9, 0.0, 0.000, 0.3, 0.000, 0.000,12.9,
00:02:15, 725,  0, 36,  0, 98, 62, 38,  0,107, 69,106, 756, 16,28, 0,    0, 1.556, 0.00,  3,N,N,N,N,Y,N,N,N,N,N,N,N,N,N,N,P/N, 0,128,128,140, 27,12.0,12.9, 0.0, 0.000, 0.3, 0.000, 0.000,12.9,
00:02:16, 737,  0, 36,  0, 98, 63, 38,  0,107, 69,106, 756, 16,26, 0,    0, 1.587, 0.00,  3,N,N,N,N,Y,N,N,N,N,N,N,N,N,N,N,P/N, 0,128,128,140, 27,12.0,12.9, 0.0, 0.000, 0.0, 0.000, 0.000,12.9,
00:02:16, 725,  0, 36,  0, 98, 62, 37,  0,107, 69,106, 751, 15,26, 0,    0, 1.556, 0.00,  3,N,N,N,N,Y,N,N,N,N,N,N,N,N,N,N,P/N, 0,128,128,140, 27,12.0,12.9, 0.0, 0.000, 0.0, 0.000, 0.000,12.9,
00:02:16, 725,  0, 36,  0, 98, 63, 38,  0,107, 69,106, 756, 16,26, 0,    0, 1.648, 0.00,  3,N,N,N,N,Y,N,N,N,N,N,N,N,N,N,N,P/N, 0,128,128,140, 27,12.0,12.9, 0.0, 0.000, 0.0, 0.000, 0.000,12.9,
00:02:16, 712,  0, 36,  0, 98, 62, 39,  0,107, 69,106, 756, 16,28, 0,    0, 1.648, 0.00,  3,N,N,N,N,Y,N,N,N,N,N,N,N,N,N,N,P/N, 0,128,128,140, 27,12.0,12.9, 0.0, 0.000, 0.3, 0.000, 0.000,12.9,
00:02:16, 712,  0, 36,  0, 98, 62, 39,  0,107, 69,106, 756, 15,28, 0,    0, 1.648, 0.00,  3,N,N,N,N,Y,N,N,N,N,N,N,N,N,N,N,P/N, 0,128,128,140, 27,12.0,12.9, 0.0, 0.000, 0.3, 0.000, 0.000,12.9,
00:02:16, 712,  0, 36,  0, 98, 62, 39,  0,107, 69,106, 756, 17,28, 0,    0, 1.617, 0.00,  3,N,N,N,N,Y,N,N,N,N,N,N,N,N,N,N,P/N, 0,128,128,140, 27,12.0,12.9, 0.0, 0.000, 0.3, 0.000, 0.000,12.9,
00:02:16, 700,  0, 36,  0, 98, 62, 38,  0,107, 69,106, 756, 17,24, 0,    0, 1.587, 0.00,  3,N,N,N,N,Y,N,N,N,N,N,N,N,N,N,N,P/N, 0,128,128,140, 27,12.0,12.9, 0.0, 0.000, 0.0, 0.000, 0.000,12.9,
00:02:16, 700,  0, 35,  0, 98, 63, 38,  0,107, 69,106, 756, 16,28, 0,    0, 1.617, 0.00,  3,N,N,N,N,Y,N,N,N,N,N,N,N,N,N,N,P/N, 0,128,128,140, 27,12.0,12.9, 0.0, 0.000, 0.0, 0.000, 0.000,12.9,
00:02:16, 712,  0, 36,  0, 98, 63, 38,  0,107, 69,106, 756, 16,28, 0,    0, 1.617, 0.00,  3,N,N,N,N,Y,N,N,N,N,N,N,N,N,N,N,P/N, 0,128,128,140, 27,12.0,12.8, 0.0, 0.000, 0.0, 0.000, 0.000,12.8,
00:02:16, 725,  0, 36,  0, 98, 63, 39,  0,107, 69,106, 756, 16,26, 0,    0, 1.648, 0.00,  3,N,N,N,N,Y,N,N,N,N,N,N,N,N,N,N,P/N, 0,128,128,140, 27,12.0,12.8, 0.0, 0.000, 0.0, 0.000, 0.000,12.8,
00:02:16, 712,  0, 36,  0, 98, 62, 39,  0,107, 69,106, 756, 16,28, 0,    0, 1.648, 0.00,  3,N,N,N,N,Y,N,N,N,N,N,N,N,N,N,N,P/N, 0,128,128,140, 27,12.0,12.9, 0.0, 0.000, 0.0, 0.000, 0.000,12.9,
00:02:16, 712,  0, 36,  0, 98, 62, 39,  0,107, 69,106, 756, 16,28, 0,    0, 1.648, 0.00,  3,N,N,N,N,Y,N,N,N,N,N,N,N,N,N,N,P/N, 0,128,128,140, 27,12.0,12.8, 0.0, 0.000, 0.3, 0.000, 0.000,12.8,
00:02:16, 712,  0, 36,  0, 98, 63, 38,  0,107, 69,106, 756, 15,26, 0,    0, 1.617, 0.00,  3,N,N,N,N,Y,N,N,N,N,N,N,N,N,N,N,P/N, 0,128,128,140, 27,12.0,12.8, 0.0, 0.000, 0.0, 0.000, 0.000,12.8,
00:02:16, 700,  0, 36,  0, 98, 63, 38,  0,107, 69,106, 756, 16,28, 0,    0, 1.617, 0.00,  3,N,N,N,N,Y,N,N,N,N,N,N,N,N,N,N,P/N, 0,128,128,140, 27,12.0,12.8, 0.0, 0.000, 0.3, 0.000, 0.000,12.8,
00:02:16, 737,  0, 36,  0, 98, 62, 39,  0,107, 69,106, 756, 16,25, 0,    0, 1.617, 0.00,  3,N,N,N,N,Y,N,N,N,N,N,N,N,N,N,N,P/N, 0,128,128,140, 27,12.0,12.7, 0.0, 0.000, 0.3, 0.000, 0.000,12.7,
00:02:16, 712,  0, 36,  0, 98, 62, 39,  0,107, 69,106, 756, 16,28, 0,    0, 1.648, 0.00,  3,N,N,N,N,Y,N,N,N,N,N,N,N,N,N,N,P/N, 0,128,128,140, 27,12.0,12.8, 0.0, 0.000, 0.3, 0.000, 0.000,12.8,
00:02:16, 712,  0, 36,  0, 98, 62, 39,  0,107, 69,106, 756, 16,28, 0,    0, 1.648, 0.00,  3,N,N,N,N,Y,N,N,N,N,N,N,N,N,N,N,P/N, 0,128,128,140, 27,12.0,12.9, 0.0, 0.000, 0.0, 0.000, 0.000,12.9,
00:02:17, 725,  0, 36,  0, 98, 63, 39,  0,107, 69,106, 756, 16,26, 0,    0, 1.648, 0.00,  3,N,N,N,N,Y,N,N,N,N,N,N,N,N,N,N,P/N, 0,128,128,140, 27,12.0,12.9, 0.0, 0.000, 0.0, 0.000, 0.000,12.9,
00:02:17, 712,  0, 36,  0, 98, 63, 38,  0,107, 69,106, 756, 15,28, 0,    0, 1.617, 0.00,  3,N,N,N,N,Y,N,N,N,N,N,N,N,N,N,N,P/N, 0,128,128,140, 27,12.0,12.9, 0.0, 0.000, 0.0, 0.000, 0.000,12.9,
00:02:17, 700,  0, 36,  0, 98, 63, 39,  0,107, 69,106, 760, 15,28, 0,    0, 1.648, 0.00,  3,N,N,N,N,Y,N,N,N,N,N,N,N,N,N,N,P/N, 0,128,128,140, 27,12.0,12.9, 0.0, 0.000, 0.3, 0.000, 0.000,12.9,
00:02:17, 725,  0, 36,  0, 98, 63, 39,  0,107, 69,106, 756, 16,26, 0,    0, 1.617, 0.00,  3,N,N,N,N,Y,N,N,N,N,N,N,N,N,N,N,P/N, 0,128,128,140, 27,12.0,12.9, 0.0, 0.000, 0.0, 0.000, 0.000,12.9,
00:02:17, 712,  0, 36,  0, 98, 62, 38,  0,107, 69,106, 756, 16,26, 0,    0, 1.556, 0.00,  3,N,N,N,N,Y,N,N,N,N,N,N,N,N,N,N,P/N, 0,128,128,140, 27,12.0,12.9, 0.0, 0.000, 0.3, 0.000, 0.000,12.9,
00:02:17, 712,  0, 36,  0, 98, 63, 39,  0,107, 69,106, 756, 16,25, 0,    0, 1.617, 0.00,  3,N,N,N,N,Y,N,N,N,N,N,N,N,N,N,N,P/N, 0,128,128,140, 27,12.0,12.9, 0.0, 0.000, 0.0, 0.000, 0.000,12.9,
00:02:17, 737,  0, 36,  0, 98, 62, 39,  0,107, 69,106, 756, 16,25, 0,    0, 1.617, 0.00,  3,N,N,N,N,Y,N,N,N,N,N,N,N,N,N,N,P/N, 0,128,128,140, 27,12.0,12.9, 0.0, 0.000, 0.0, 0.000, 0.000,12.9,
00:02:17, 712,  0, 35,  0, 98, 63, 39,  0,107, 69,106, 756, 16,28, 0,    0, 1.648, 0.00,  3,N,N,N,N,Y,N,N,N,N,N,N,N,N,N,N,P/N, 0,128,128,140, 27,12.0,12.9, 0.0, 0.000, 0.0, 0.000, 0.000,12.9,
00:02:17, 712,  0, 36,  0, 98, 63, 39,  0,107, 69,106, 756, 16,28, 0,    0, 1.617, 0.00,  3,N,N,N,N,Y,N,N,N,N,N,N,N,N,N,N,P/N, 0,128,128,140, 27,12.0,12.9, 0.0, 0.000, 0.3, 0.000, 0.000,12.9,
00:02:17, 725,  0, 35,  0, 98, 63, 39,  0,107, 69,106, 756, 15,26, 0,    0, 1.617, 0.00,  3,N,N,N,N,Y,N,N,N,N,N,N,N,N,N,N,P/N, 0,128,128,140, 27,12.0,12.9, 0.0, 0.000, 0.0, 0.000, 0.000,12.9,
00:02:17, 700,  0, 36,  0, 98, 63, 39,  0,107, 69,106, 756, 16,28, 0,    0, 1.556, 0.00,  3,N,N,N,N,Y,N,N,N,N,N,N,N,N,N,N,P/N, 0,128,128,140, 27,12.0,12.9, 0.0, 0.000, 0.0, 0.000, 0.000,12.9,
00:02:17, 725,  0, 36,  0, 98, 62, 38,  0,107, 69,106, 756, 16,28, 0,    0, 1.556, 0.00,  3,N,N,N,N,Y,N,N,N,N,N,N,N,N,N,N,P/N, 0,128,128,140, 27,12.0,12.9, 0.0, 0.000, 0.0, 0.000, 0.000,12.9,
00:02:17, 725,  0, 36,  0, 98, 63, 39,  0,107, 69,106, 751, 16,26, 0,    0, 1.617, 0.00,  3,N,N,N,N,Y,N,N,N,N,N,N,N,N,N,N,P/N, 0,128,128,140, 27,12.0,12.9, 0.0, 0.000, 0.0, 0.000, 0.000,12.9,
00:02:17, 700,  0, 36,  0, 98, 62, 38,  0,107, 69,106, 751, 15,28, 0,    0, 1.587, 0.00,  3,N,N,N,N,Y,N,N,N,N,N,N,N,N,N,N,P/N, 0,128,128,140, 27,12.0,12.9, 0.0, 0.000, 0.3, 0.000, 0.000,12.9,
00:02:17, 725,  0, 36,  0, 98, 63, 39,  0,107, 69,106, 747, 16,26, 0,    0, 1.648, 0.00,  3,N,N,N,N,Y,N,N,N,N,N,N,N,N,N,N,P/N, 0,128,128,140, 27,12.0,12.9, 0.0, 0.000, 0.0, 0.000, 0.000,12.9,
00:02:17, 712,  0, 36,  0, 98, 62, 39,  0,107, 69,106, 756, 15,28, 0,    0, 1.648, 0.00,  3,N,N,N,N,Y,N,N,N,N,N,N,N,N,N,N,P/N, 0,128,128,140, 27,12.0,12.9, 0.0, 0.000, 0.3, 0.000, 0.000,12.9,
00:02:17, 712,  0, 36,  0, 98, 62, 39,  0,107, 69,106, 756, 16,28, 0,    0, 1.678, 0.00,  3,N,N,N,N,Y,N,N,N,N,N,N,N,N,N,N,P/N, 0,128,128,140, 27,12.0,12.9, 0.0, 0.000, 0.6, 0.000, 0.000,12.9,
00:02:18, 712,  0, 36,  0, 98, 62, 38,  0,107, 69,106, 756, 16,28, 0,    0, 1.617, 0.00,  3,N,N,N,N,Y,N,N,N,N,N,N,N,N,N,N,P/N, 0,128,128,140, 27,12.0,12.9, 0.0, 0.000, 0.3, 0.000, 0.000,12.9,
00:02:18, 725,  0, 36,  0, 98, 63, 38,  0,107, 69,106, 756, 15,26, 0,    0, 1.587, 0.00,  3,N,N,N,N,Y,N,N,N,N,N,N,N,N,N,N,P/N, 0,128,128,140, 27,12.0,12.9, 0.0, 0.000, 0.6, 0.000, 0.000,12.9,
00:02:18, 725,  0, 36,  0, 98, 63, 38,  0,107, 69,106, 756, 16,26, 0,    0, 1.617, 0.00,  3,N,N,N,N,Y,N,N,N,N,N,N,N,N,N,N,P/N, 0,128,128,140, 27,12.0,12.8, 0.0, 0.000, 0.6, 0.000, 0.000,12.8,
00:02:18, 750,  0, 36,  0, 98, 62, 39,  0,107, 69,106, 756, 15,26, 0,    0, 1.648, 0.00,  4,N,N,N,N,Y,N,N,N,N,N,N,N,N,N,N,P/N, 0,128,128,140, 27,12.0,13.0, 0.0, 0.000, 0.3, 0.000, 0.000,13.0,
00:02:18, 737,  0, 36,  0, 98, 62, 39,  0,107, 69,106, 756, 16,25, 0,    0, 1.648, 0.00,  4,N,N,N,N,Y,N,N,N,N,N,N,N,N,N,N,P/N, 0,128,128,140, 27,12.0,12.9, 0.0, 0.000, 0.0, 0.000, 0.000,12.9,
00:02:18, 725,  0, 36,  0, 98, 62, 39,  0,107, 69,106, 756, 17,26, 0,    0, 1.678, 0.00,  4,N,N,N,N,Y,N,N,N,N,N,N,N,N,N,N,P/N, 0,128,128,140, 27,12.0,12.9, 0.0, 0.000, 0.0, 0.000, 0.000,12.9,
00:02:18, 737,  0, 35,  0, 98, 63, 38,  0,107, 69,106, 756, 15,25, 0,    0, 1.617, 0.00,  3,N,N,N,N,Y,N,N,N,N,N,N,N,N,N,N,P/N, 0,128,128,140, 27,12.0,12.9, 0.0, 0.000, 0.0, 0.000, 0.000,12.9,
00:02:18, 712,  0, 36,  0, 98, 63, 38,  0,107, 69,106, 756, 16,28, 0,    0, 1.617, 0.00,  3,N,N,N,N,Y,N,N,N,N,N,N,N,N,N,N,P/N, 0,128,128,140, 27,12.0,13.0, 0.0, 0.000, 0.3, 0.000, 0.000,13.0,
00:02:18, 725,  0, 36,  0, 98, 63, 37,  0,107, 69,106, 756, 15,26, 0,    0, 1.556, 0.00,  3,N,N,N,N,Y,N,N,N,N,N,N,N,N,N,N,P/N, 0,128,128,140, 27,12.0,12.9, 0.0, 0.000, 0.3, 0.000, 0.000,12.9,
00:02:18, 725,  0, 36,  0, 98, 62, 39,  0,107, 69,106, 756, 16,26, 0,    0, 1.617, 0.00,  3,N,N,N,N,Y,N,N,N,N,N,N,N,N,N,N,P/N, 0,128,128,140, 27,12.0,13.0, 0.0, 0.000, 0.3, 0.000, 0.000,13.0,
00:02:18, 700,  0, 36,  0, 98, 62, 39,  0,107, 69,106, 756, 17,26, 0,    0, 1.678, 0.00,  3,N,N,N,N,Y,N,N,N,N,N,N,N,N,N,N,P/N, 0,128,128,140, 27,12.0,13.0, 0.0, 0.000, 0.0, 0.000, 0.000,13.0,
00:02:18, 700,  0, 36,  0, 98, 62, 39,  0,107, 69,106, 756, 16,28, 0,    0, 1.648, 0.00,  3,N,N,N,N,Y,N,N,N,N,N,N,N,N,N,N,P/N, 0,128,128,140, 27,12.0,12.9, 0.0, 0.000, 0.0, 0.000, 0.000,12.9,
00:02:18, 737,  0, 35,  0, 98, 63, 38,  0,107, 69,106, 756, 15,25, 0,    0, 1.648, 0.00,  4,N,N,N,N,Y,N,N,N,N,N,N,N,N,N,N,P/N, 0,128,128,140, 27,12.0,12.9, 0.0, 0.000, 0.0, 0.000, 0.000,12.9,
00:02:18, 700,  0, 35,  0, 98, 63, 39,  0,107, 69,106, 756, 16,28, 0,    0, 1.617, 0.00,  3,N,N,N,N,Y,N,N,N,N,N,N,N,N,N,N,P/N, 0,128,128,140, 27,12.0,12.9, 0.0, 0.000, 0.0, 0.000, 0.000,12.9,
00:02:18, 725,  0, 35,  0, 98, 63, 39,  0,107, 69,106, 760, 16,26, 0,    0, 1.648, 0.00,  3,N,N,N,N,Y,N,N,N,N,N,N,N,N,N,N,P/N, 0,128,128,140, 27,12.0,12.7, 0.0, 0.000, 0.0, 0.000, 0.000,12.7,
00:02:18, 712,  0, 36,  0, 98, 63, 38,  0,107, 69,106, 760, 16,28, 0,    0, 1.617, 0.00,  3,N,N,N,N,Y,N,N,N,N,N,N,N,N,N,N,P/N, 0,128,128,140, 27,12.0,12.9, 0.0, 0.000, 0.0, 0.000, 0.000,12.9,
00:02:18, 725,  0, 36,  0, 98, 62, 38,  0,107, 69,106, 760, 16,28, 0,    0, 1.556, 0.00,  3,N,N,N,N,Y,N,N,N,N,N,N,N,N,N,N,P/N, 0,128,128,140, 27,12.0,12.8, 0.0, 0.000, 0.3, 0.000, 0.000,12.8,
00:02:19, 712,  0, 36,  0, 98, 63, 39,  0,107, 69,106, 756, 17,28, 0,    0, 1.648, 0.00,  3,N,N,N,N,Y,N,N,N,N,N,N,N,N,N,N,P/N, 0,128,128,140, 27,12.0,12.9, 0.0, 0.000, 0.0, 0.000, 0.000,12.9,
00:02:19, 725,  0, 35,  0, 98, 63, 39,  0,107, 69,106, 756, 15,26, 0,    0, 1.648, 0.00,  3,N,N,N,N,Y,N,N,N,N,N,N,N,N,N,N,P/N, 0,128,128,140, 27,12.0,12.8, 0.0, 0.000, 0.0, 0.000, 0.000,12.8,
00:02:19, 725,  0, 35,  0, 98, 63, 39,  0,107, 69,106, 760, 16,26, 0,    0, 1.648, 0.00,  3,N,N,N,N,Y,N,N,N,N,N,N,N,N,N,N,P/N, 0,128,128,140, 27,12.0,12.9, 0.0, 0.000, 0.0, 0.000, 0.000,12.9,
00:02:19, 750,  0, 35,  0, 98, 63, 39,  0,107, 69,106, 756, 17,24, 0,    0, 1.648, 0.00,  4,N,N,N,N,Y,N,N,N,N,N,N,N,N,N,N,P/N, 0,128,128,140, 27,12.0,12.9, 0.0, 0.000, 0.0, 0.000, 0.000,12.9,
00:02:19, 725,  0, 36,  0, 98, 62, 38,  0,107, 69,106, 756, 16,26, 0,    0, 1.556, 0.00,  3,N,N,N,N,Y,N,N,N,N,N,N,N,N,N,N,P/N, 0,128,128,140, 27,12.0,12.8, 0.0, 0.000, 0.6, 0.000, 0.000,12.8,
00:02:19, 737,  0, 36,  0, 98, 62, 39,  0,107, 69,106, 760, 16,28, 0,    0, 1.617, 0.00,  3,N,N,N,N,Y,N,N,N,N,N,N,N,N,N,N,P/N, 0,128,128,140, 27,12.0,12.8, 0.0, 0.000, 0.3, 0.000, 0.000,12.8,
00:02:19, 725,  0, 36,  0, 98, 63, 39,  0,107, 69,106, 756, 16,26, 0,    0, 1.617, 0.00,  3,N,N,N,N,Y,N,N,N,N,N,N,N,N,N,N,P/N, 0,128,128,140, 27,12.0,12.9, 0.0, 0.000, 0.0, 0.000, 0.000,12.9,
00:02:19, 712,  0, 36,  0, 98, 63, 39,  0,107, 69,106, 756, 15,28, 0,    0, 1.648, 0.00,  3,N,N,N,N,Y,N,N,N,N,N,N,N,N,N,N,P/N, 0,128,128,140, 27,12.0,12.9, 0.0, 0.000, 0.0, 0.000, 0.000,12.9,
00:02:19, 712,  0, 35,  0, 98, 63, 39,  0,107, 69,106, 756, 16,28, 0,    0, 1.648, 0.00,  3,N,N,N,N,Y,N,N,N,N,N,N,N,N,N,N,P/N, 0,128,128,140, 27,12.0,12.8, 0.0, 0.000, 0.0, 0.000, 0.000,12.8,
00:02:19, 725,  0, 36,  0, 98, 63, 39,  0,107, 69,106, 756, 16,26, 0,    0, 1.648, 0.00,  3,N,N,N,N,Y,N,N,N,N,N,N,N,N,N,N,P/N, 0,128,128,140, 27,12.0,12.7, 0.0, 0.000, 0.0, 0.000, 0.000,12.7,
00:02:19, 712,  0, 36,  0, 98, 63, 39,  0,107, 69,106, 756, 16,28, 0,    0, 1.648, 0.00,  3,N,N,N,N,Y,N,N,N,N,N,N,N,N,N,N,P/N, 0,128,128,140, 27,12.0,12.9, 0.0, 0.000, 0.0, 0.000, 0.000,12.9,
00:02:19, 725,  0, 36,  0, 98, 63, 39,  0,107, 69,106, 756, 17,26, 0,    0, 1.556, 0.00,  3,N,N,N,N,Y,N,N,N,N,N,N,N,N,N,N,P/N, 0,128,128,140, 26,12.0,12.9, 0.0, 0.000, 0.0, 0.000, 0.000,12.9,
00:02:19, 725,  0, 36,  0, 98, 63, 39,  0,107, 69,106, 756, 16,28, 0,    0, 1.617, 0.00,  3,N,N,N,N,Y,N,N,N,N,N,N,N,N,N,N,P/N, 0,128,128,140, 26,12.0,12.9, 0.0, 0.000, 0.0, 0.000, 0.000,12.9,
00:02:19, 700,  0, 36,  0, 98, 62, 38,  0,107, 69,106, 756, 16,28, 0,    0, 1.556, 0.00,  3,N,N,N,N,Y,N,N,N,N,N,N,N,N,N,N,P/N, 0,128,128,140, 26,12.0,12.9, 0.0, 0.000, 0.0, 0.000, 0.000,12.9,
00:02:19, 712,  0, 35,  0, 98, 63, 38,  0,107, 69,106, 756, 16,28, 0,    0, 1.617, 0.00,  3,N,N,N,N,Y,N,N,N,N,N,N,N,N,N,N,P/N, 0,128,128,140, 26,12.0,13.0, 0.0, 0.000, 0.0, 0.000, 0.000,13.0,
00:02:19, 712,  0, 36,  0, 98, 63, 39,  0,107, 69,106, 751, 16,28, 0,    0, 1.648, 0.00,  3,N,N,N,N,Y,N,N,N,N,N,N,N,N,N,N,P/N, 0,128,128,140, 26,12.0,12.8, 0.0, 0.000, 0.3, 0.000, 0.000,12.8,
00:02:19, 700,  0, 36,  0, 98, 62, 39,  0,109, 69,106, 756, 16,28, 0,    0, 1.648, 0.00,  3,N,N,N,N,Y,N,N,N,N,N,N,N,N,N,N,P/N, 0,128,128,140, 26,12.0,13.0, 0.0, 0.000, 0.6, 0.000, 0.000,13.0,
00:02:19, 712,  0, 36,  0, 98, 63, 39,  0,109, 69,107, 756, 16,27, 0,    0, 1.556, 0.00,  3,N,N,N,N,Y,N,N,N,N,N,N,N,N,N,N,P/N, 0,128,128,140, 26,12.0,13.0, 0.0, 0.000, 0.0, 0.000, 0.000,13.0,
00:02:20, 700,  0, 36,  0, 98, 62, 38,  0,109, 69,107, 756, 15,28, 0,    0, 1.587, 0.00,  3,N,N,N,N,Y,N,N,N,N,N,N,N,N,N,N,P/N, 0,128,128,140, 26,12.0,13.0, 0.0, 0.000, 0.3, 0.000, 0.000,13.0,
00:02:20, 725,  0, 35,  0, 98, 63, 39,  0,109, 69,107, 756, 15,26, 0,    0, 1.617, 0.00,  3,N,N,N,N,Y,N,N,N,N,N,N,N,N,N,N,P/N, 0,128,128,140, 26,12.0,13.0, 0.0, 0.000, 0.3, 0.000, 0.000,13.0,
00:02:20, 725,  0, 36,  0, 98, 63, 38,  0,109, 69,107, 756, 16,26, 0,    0, 1.587, 0.00,  3,N,N,N,N,Y,N,N,N,N,N,N,N,N,N,N,P/N, 0,128,128,140, 26,12.0,12.8, 0.0, 0.000, 0.0, 0.000, 0.000,12.8,
00:02:20, 700,  0, 36,  0, 98, 63, 39,  0,109, 69,107, 756, 15,28, 0,    0, 1.648, 0.00,  3,N,N,N,N,Y,N,N,N,N,N,N,N,N,N,N,P/N, 0,128,128,140, 26,12.0,13.0, 0.0, 0.000, 0.3, 0.000, 0.000,13.0,
00:02:20, 700,  0, 36,  0, 98, 62, 39,  0,109, 69,107, 756, 16,28, 0,    0, 1.648, 0.00,  3,N,N,N,N,Y,N,N,N,N,N,N,N,N,N,N,P/N, 0,128,128,140, 26,12.0,13.0, 0.0, 0.000, 0.3, 0.000, 0.000,13.0,
00:02:20, 700,  0, 35,  0, 98, 63, 38,  0,109, 69,107, 756, 15,28, 0,    0, 1.617, 0.00,  3,N,N,N,N,Y,N,N,N,N,N,N,N,N,N,N,P/N, 0,128,128,140, 26,12.0,13.0, 0.0, 0.000, 0.0, 0.000, 0.000,13.0,
00:02:20, 712,  0, 36,  0, 98, 63, 39,  0,109, 69,107, 756, 15,27, 0,    0, 1.648, 0.00,  3,N,N,N,N,Y,N,N,N,N,N,N,N,N,N,N,P/N, 0,128,128,140, 26,12.0,13.0, 0.0, 0.000, 0.0, 0.000, 0.000,13.0,
00:02:20, 700,  0, 36,  0, 98, 62, 39,  0,109, 69,107, 756, 15,28, 0,    0, 1.678, 0.00,  3,N,N,N,N,Y,N,N,N,N,N,N,N,N,N,N,P/N, 0,128,128,140, 26,12.0,13.0, 0.0, 0.000, 0.6, 0.000, 0.000,13.0,
00:02:20, 700,  0, 36,  0, 98, 62, 38,  0,109, 69,107, 751, 15,28, 0,    0, 1.617, 0.00,  3,N,N,N,N,Y,N,N,N,N,N,N,N,N,N,N,P/N, 0,128,128,140, 26,12.0,13.0, 0.0, 0.000, 0.3, 0.000, 0.000,13.0,
00:02:20, 700,  0, 36,  0, 98, 62, 38,  0,109, 69,107, 756, 15,27, 0,    0, 1.617, 0.00,  3,N,N,N,N,Y,N,N,N,N,N,N,N,N,N,N,P/N, 0,128,128,140, 26,12.0,13.0, 0.0, 0.000, 0.6, 0.000, 0.000,13.0,
00:02:20, 712,  0, 36,  0, 98, 63, 39,  0,109, 69,107, 756, 16,27, 0,    0, 1.617, 0.00,  3,N,N,N,N,Y,N,N,N,N,N,N,N,N,N,N,P/N, 0,128,128,140, 26,12.0,13.0, 0.0, 0.000, 0.6, 0.000, 0.000,13.0,
00:02:20, 725,  0, 36,  0, 98, 63, 38,  0,109, 69,107, 751, 16,26, 0,    0, 1.617, 0.00,  3,N,N,N,N,Y,N,N,N,N,N,N,N,N,N,N,P/N, 0,128,128,140, 26,12.0,12.9, 0.0, 0.000, 0.3, 0.000, 0.000,12.9,
00:02:20, 687,  0, 36,  0, 98, 62, 39,  0,109, 69,107, 756, 16,28, 0,    0, 1.648, 0.00,  3,N,N,N,N,Y,N,N,N,N,N,N,N,N,N,N,P/N, 0,128,128,140, 26,12.0,13.0, 0.0, 0.000, 0.6, 0.000, 0.000,13.0,
00:02:20, 712,  0, 36,  0, 98, 62, 39,  0,109, 69,107, 756, 16,28, 0,    0, 1.617, 0.00,  3,N,N,N,N,Y,N,N,N,N,N,N,N,N,N,N,P/N, 0,128,128,140, 26,12.0,13.0, 0.0, 0.000, 0.0, 0.000, 0.000,13.0,
00:02:20, 712,  0, 36,  0, 98, 62, 38,  0,109, 69,107, 751, 14,27, 0,    0, 1.617, 0.00,  3,N,N,N,N,Y,N,N,N,N,N,N,N,N,N,N,P/N, 0,128,128,140, 26,12.0,13.0, 0.0, 0.000, 0.0, 0.000, 0.000,13.0,
00:02:20, 700,  0, 36,  0, 98, 63, 38,  0,109, 69,107, 751, 15,28, 0,    0, 1.648, 0.00,  3,N,N,N,N,Y,N,N,N,N,N,N,N,N,N,N,P/N, 0,128,128,140, 26,12.0,13.1, 0.0, 0.000, 0.0, 0.000, 0.000,13.1,
00:02:20, 712,  0, 36,  0, 98, 62, 39,  0,109, 69,107, 751, 16,27, 0,    0, 1.648, 0.00,  3,N,N,N,N,Y,N,N,N,N,N,N,N,N,N,N,P/N, 0,128,128,140, 26,12.0,13.1, 0.0, 0.000, 0.3, 0.000, 0.000,13.1,
00:02:21, 712,  0, 36,  0, 98, 62, 39,  0,109, 69,107, 751, 15,27, 0,    0, 1.648, 0.00,  3,N,N,N,N,Y,N,N,N,N,N,N,N,N,N,N,P/N, 0,128,128,140, 26,12.0,13.1, 0.0, 0.000, 0.3, 0.000, 0.000,13.1,
00:02:21, 687,  0, 36,  0, 98, 62, 39,  0,109, 69,107, 756, 15,28, 0,    0, 1.617, 0.00,  3,N,N,N,N,Y,N,N,N,N,N,N,N,N,N,N,P/N, 0,128,128,140, 26,12.0,13.1, 0.0, 0.000, 0.6, 0.000, 0.000,13.1,
00:02:21, 700,  0, 36,  0, 98, 63, 38,  0,109, 69,107, 751, 15,28, 0,    0, 1.617, 0.00,  3,N,N,N,N,Y,N,N,N,N,N,N,N,N,N,N,P/N, 0,128,128,140, 26,12.0,13.1, 0.0, 0.000, 0.6, 0.000, 0.000,13.1,
00:02:21, 700,  0, 36,  0, 98, 62, 38,  0,109, 69,107, 751, 15,28, 0,    0, 1.617, 0.00,  3,N,N,N,N,Y,N,N,N,N,N,N,N,N,N,N,P/N, 0,128,128,140, 26,12.0,13.1, 0.0, 0.000, 0.6, 0.000, 0.000,13.1,
00:02:21, 712,  0, 36,  0, 98, 62, 39,  0,109, 69,107, 756, 16,27, 0,    0, 1.617, 0.00,  3,N,N,N,N,Y,N,N,N,N,N,N,N,N,N,N,P/N, 0,128,128,140, 26,12.0,13.1, 0.0, 0.000, 0.6, 0.000, 0.000,13.1,
00:02:21, 712,  0, 36,  0, 98, 62, 37,  0,109, 69,107, 756, 16,25, 0,    0, 1.556, 0.00,  3,N,N,N,N,Y,N,N,N,N,N,N,N,N,N,N,P/N, 0,128,128,140, 26,12.0,13.1, 0.0, 0.000, 0.3, 0.000, 0.000,13.1,
00:02:21, 725,  0, 36,  0, 98, 62, 37,  0,109, 69,107, 751, 15,26, 0,    0, 1.556, 0.00,  3,N,N,N,N,Y,N,N,N,N,N,N,N,N,N,N,P/N, 0,128,128,140, 26,12.0,13.1, 0.0, 0.000, 0.0, 0.000, 0.000,13.1,
00:02:21, 700,  0, 35,  0, 98, 63, 38,  0,109, 69,107, 751, 16,28, 0,    0, 1.556, 0.00,  3,N,N,N,N,Y,N,N,N,N,N,N,N,N,N,N,P/N, 0,128,128,140, 26,12.0,13.1, 0.0, 0.000, 0.0, 0.000, 0.000,13.1,
00:02:21, 737,  0, 35,  0, 98, 63, 38,  0,109, 69,107, 751, 16,25, 0,    0, 1.617, 0.00,  3,N,N,N,N,Y,N,N,N,N,N,N,N,N,N,N,P/N, 0,128,128,140, 26,12.0,12.9, 0.0, 0.000, 0.0, 0.000, 0.000,12.9,
00:02:21, 687,  0, 36,  0, 98, 62, 38,  0,109, 69,107, 756, 16,28, 0,    0, 1.617, 0.00,  3,N,N,N,N,Y,N,N,N,N,N,N,N,N,N,N,P/N, 0,128,128,140, 26,12.0,13.1, 0.0, 0.000, 0.3, 0.000, 0.000,13.1,
00:02:21, 712,  0, 36,  0, 98, 62, 39,  0,109, 69,107, 756, 15,27, 0,    0, 1.648, 0.00,  3,N,N,N,N,Y,N,N,N,N,N,N,N,N,N,N,P/N, 0,128,128,140, 26,12.0,13.1, 0.0, 0.000, 0.3, 0.000, 0.000,13.1,
00:02:21, 700,  0, 36,  0, 98, 62, 37,  0,109, 69,107, 756, 16,25, 0,    0, 1.556, 0.00,  3,N,N,N,N,Y,N,N,N,N,N,N,N,N,N,N,P/N, 0,128,128,140, 26,12.0,13.1, 0.0, 0.000, 0.3, 0.000, 0.000,13.1,
00:02:21, 712,  0, 36,  0, 98, 63, 38,  0,109, 69,107, 756, 15,27, 0,    0, 1.587, 0.00,  3,N,N,N,N,Y,N,N,N,N,N,N,N,N,N,N,P/N, 0,128,128,140, 26,12.0,13.0, 0.0, 0.000, 0.3, 0.000, 0.000,13.0,
00:02:21, 725,  0, 36,  0, 98, 63, 38,  0,109, 69,107, 756, 16,27, 0,    0, 1.587, 0.00,  3,N,N,N,N,Y,N,N,N,N,N,N,N,N,N,N,P/N, 0,128,128,140, 26,12.0,12.9, 0.0, 0.000, 0.3, 0.000, 0.000,12.9,
00:02:21, 725,  0, 36,  0, 98, 62, 39,  0,109, 69,107, 756, 16,26, 0,    0, 1.648, 0.00,  3,N,N,N,N,Y,N,N,N,N,N,N,N,N,N,N,P/N, 0,128,128,140, 26,12.0,13.0, 0.0, 0.000, 0.3, 0.000, 0.000,13.0,
00:02:21, 712,  0, 36,  0, 98, 62, 39,  0,109, 69,107, 756, 16,28, 0,    0, 1.648, 0.00,  3,N,N,N,N,Y,N,N,N,N,N,N,N,N,N,N,P/N, 0,128,128,140, 26,12.0,13.0, 0.0, 0.000, 0.0, 0.000, 0.000,13.0,
00:02:21, 712,  0, 36,  0, 98, 62, 39,  0,109, 71,107, 756, 16,27, 0,    0, 1.617, 0.00,  3,N,N,N,N,Y,N,N,N,N,N,N,N,N,N,N,P/N, 0,128,128,140, 26,12.0,13.0, 0.0, 0.000, 0.0, 0.000, 0.000,13.0,
00:02:22, 725,  0, 35,  0, 98, 63, 38,  0,109, 71,107, 756, 15,26, 0,    0, 1.648, 0.00,  3,N,N,N,N,Y,N,N,N,N,N,N,N,N,N,N,P/N, 0,128,128,140, 26,12.0,13.0, 0.0, 0.000, 0.0, 0.000, 0.000,13.0,
00:02:22, 675,  0, 36,  0, 98, 62, 38,  0,109, 69,107, 756, 15,29, 0,    0, 1.648, 0.00,  3,N,N,N,N,Y,N,N,N,N,N,N,N,N,N,N,P/N, 0,128,128,140, 26,12.0,13.0, 0.0, 0.000, 0.3, 0.000, 0.000,13.0,
00:02:22, 700,  0, 36,  0, 98, 62, 39,  0,109, 69,107, 756, 16,28, 0,    0, 1.648, 0.00,  3,N,N,N,N,Y,N,N,N,N,N,N,N,N,N,N,P/N, 0,128,128,140, 26,12.0,13.0, 0.0, 0.000, 0.6, 0.000, 0.000,13.0,
00:02:22, 712,  0, 36,  0, 98, 62, 39,  0,109, 69,107, 756, 15,27, 0,    0, 1.617, 0.00,  3,N,N,N,N,Y,N,N,N,N,N,N,N,N,N,N,P/N, 0,128,128,140, 26,12.0,13.0, 0.0, 0.000, 0.3, 0.000, 0.000,13.0,
00:02:22, 725,  0, 36,  0, 98, 62, 38,  0,109, 69,107, 756, 16,27, 0,    0, 1.556, 0.00,  3,N,N,N,N,Y,N,N,N,N,N,N,N,N,N,N,P/N, 0,128,128,140, 26,12.0,13.0, 0.0, 0.000, 0.3, 0.000, 0.000,13.0,
00:02:22, 725,  0, 35,  0, 98, 63, 38,  0,109, 69,107, 756, 16,26, 0,    0, 1.587, 0.00,  3,N,N,N,N,Y,N,N,N,N,N,N,N,N,N,N,P/N, 0,128,128,140, 26,12.0,13.0, 0.0, 0.000, 0.0, 0.000, 0.000,13.0,
00:02:22, 737,  0, 35,  0, 98, 63, 37,  0,109, 69,107, 756, 15,25, 0,    0, 1.617, 0.00,  3,N,N,N,N,Y,N,N,N,N,N,N,N,N,N,N,P/N, 0,128,128,140, 26,12.0,13.0, 0.0, 0.000, 0.0, 0.000, 0.000,13.0,
00:02:22, 712,  0, 35,  0, 98, 63, 39,  0,109, 69,107, 756, 16,27, 0,    0, 1.617, 0.00,  3,N,N,N,N,Y,N,N,N,N,N,N,N,N,N,N,P/N, 0,128,128,140, 26,12.0,13.0, 0.0, 0.000, 0.0, 0.000, 0.000,13.0,
00:02:22, 737,  0, 35,  0, 98, 63, 38,  0,109, 69,107, 756, 15,25, 0,    0, 1.556, 0.00,  3,N,N,N,N,Y,N,N,N,N,N,N,N,N,N,N,P/N, 0,128,128,140, 26,12.0,13.0, 0.0, 0.000, 0.0, 0.000, 0.000,13.0,
00:02:22, 737,  0, 36,  0, 98, 63, 37,  0,109, 69,107, 756, 15,25, 0,    0, 1.556, 0.00,  3,N,N,N,N,Y,N,N,N,N,N,N,N,N,N,N,P/N, 0,128,128,140, 26,12.0,13.0, 0.0, 0.000, 0.0, 0.000, 0.000,13.0,
00:02:22, 737,  0, 36,  0, 98, 63, 37,  0,109, 69,107, 756, 15,26, 0,    0, 1.556, 0.00,  3,N,N,N,N,Y,N,N,N,N,N,N,N,N,N,N,P/N, 0,128,128,140, 26,12.0,13.0, 0.0, 0.000, 0.0, 0.000, 0.000,13.0,
00:02:22, 737,  0, 35,  0, 98, 63, 36,  0,109, 69,107, 751, 16,25, 0,    0, 1.526, 0.00,  3,N,N,N,N,Y,N,N,N,N,N,N,N,N,N,N,P/N, 0,128,128,140, 26,12.0,13.0, 0.0, 0.000, 0.0, 0.000, 0.000,13.0,
00:02:22, 725,  0, 35,  0, 98, 63, 36,  0,109, 69,107, 747, 15,26, 0,    0, 1.526, 0.00,  3,N,N,N,N,Y,N,N,N,N,N,N,N,N,N,N,P/N, 0,128,128,140, 26,12.0,13.0, 0.0, 0.000, 0.0, 0.000, 0.000,13.0,
00:02:22, 712,  0, 34,  0, 98, 64, 38,  0,109, 69,107, 751, 16,27, 0,    0, 1.587, 0.00,  3,N,N,N,N,Y,N,N,N,N,N,N,N,N,N,N,P/N, 0,128,128,140, 26,12.0,13.0, 0.0, 0.000, 0.0, 0.000, 0.000,13.0,
00:02:22, 725,  0, 35,  0, 98, 63, 38,  0,109, 69,107, 751, 15,26, 0,    0, 1.556, 0.00,  3,N,N,N,N,Y,N,N,N,N,N,N,N,N,N,N,P/N, 0,128,128,140, 26,12.0,13.0, 0.0, 0.000, 0.0, 0.000, 0.000,13.0,
00:02:22, 712,  0, 35,  0, 98, 63, 38,  0,109, 69,107, 756, 15,27, 0,    0, 1.587, 0.00,  3,N,N,N,N,Y,N,N,N,N,N,N,N,N,N,N,P/N, 0,128,128,140, 26,12.0,13.0, 0.0, 0.000, 0.0, 0.000, 0.000,13.0,
00:02:22, 725,  0, 36,  0, 98, 63, 38,  0,109, 69,107, 756, 16,28, 0,    0, 1.556, 0.00,  3,N,N,N,N,Y,N,N,N,N,N,N,N,N,N,N,P/N, 0,128,128,140, 26,12.0,13.1, 0.0, 0.000, 0.3, 0.000, 0.000,13.1,
00:02:23, 712,  0, 35,  0, 98, 63, 37,  0,109, 69,107, 756, 15,27, 0,    0, 1.556, 0.00,  3,N,N,N,N,Y,N,N,N,N,N,N,N,N,N,N,P/N, 0,128,128,140, 26,12.0,13.0, 0.0, 0.000, 0.3, 0.000, 0.000,13.0,
00:02:23, 700,  0, 36,  0, 98, 63, 38,  0,109, 69,107, 756, 15,28, 0,    0, 1.587, 0.00,  3,N,N,N,N,Y,N,N,N,N,N,N,N,N,N,N,P/N, 0,128,128,140, 26,12.0,13.0, 0.0, 0.000, 0.6, 0.000, 0.000,13.0,
00:02:23, 712,  0, 36,  0, 98, 62, 39,  0,109, 69,107, 756, 16,27, 0,    0, 1.648, 0.00,  3,N,N,N,N,Y,N,N,N,N,N,N,N,N,N,N,P/N, 0,128,128,140, 26,12.0,13.0, 0.0, 0.000, 0.6, 0.000, 0.000,13.0,
00:02:23, 687,  0, 36,  0, 98, 62, 38,  0,109, 69,107, 756, 15,26, 0,    0, 1.648, 0.00,  3,N,N,N,N,Y,N,N,N,N,N,N,N,N,N,N,P/N, 0,128,128,140, 26,12.0,13.0, 0.0, 0.000, 0.0, 0.000, 0.000,13.0,
00:02:23, 700,  0, 36,  0, 98, 62, 38,  0,109, 69,107, 756, 15,28, 0,    0, 1.617, 0.00,  3,N,N,N,N,Y,N,N,N,N,N,N,N,N,N,N,P/N, 0,128,128,140, 26,12.0,13.0, 0.0, 0.000, 0.3, 0.000, 0.000,13.0,
00:02:23, 700,  0, 36,  0, 98, 62, 38,  0,109, 69,107, 751, 15,28, 0,    0, 1.678, 0.00,  3,N,N,N,N,Y,N,N,N,N,N,N,N,N,N,N,P/N, 0,128,128,140, 26,12.0,13.0, 0.0, 0.000, 0.3, 0.000, 0.000,13.0,
00:02:23, 700,  0, 36,  0, 98, 62, 39,  0,109, 69,107, 747, 15,28, 0,    0, 1.648, 0.00,  3,N,N,N,N,Y,N,N,N,N,N,N,N,N,N,N,P/N, 0,128,128,140, 26,12.0,13.0, 0.0, 0.000, 0.6, 0.000, 0.000,13.0,
00:02:23, 700,  0, 36,  0, 98, 62, 39,  0,109, 69,107, 756, 15,28, 0,    0, 1.678, 0.00,  3,N,N,N,N,Y,N,N,N,N,N,N,N,N,N,N,P/N, 0,128,128,140, 26,12.0,13.0, 0.0, 0.000, 0.6, 0.000, 0.000,13.0,
00:02:23, 725,  0, 36,  0, 98, 63, 39,  0,109, 69,107, 751, 15,26, 0,    0, 1.648, 0.00,  3,N,N,N,N,Y,N,N,N,N,N,N,N,N,N,N,P/N, 0,128,128,140, 26,12.0,13.1, 0.0, 0.000, 0.0, 0.000, 0.000,13.1,
00:02:23, 725,  0, 36,  0, 98, 62, 38,  0,109, 69,107, 751, 15,26, 0,    0, 1.617, 0.00,  3,N,N,N,N,Y,N,N,N,N,N,N,N,N,N,N,P/N, 0,128,128,140, 26,12.0,13.1, 0.0, 0.000, 0.6, 0.000, 0.000,13.1,
00:02:23, 712,  0, 36,  0, 98, 63, 39,  0,109, 69,107, 751, 16,27, 0,    0, 1.648, 0.00,  3,N,N,N,N,Y,N,N,N,N,N,N,N,N,N,N,P/N, 0,128,128,140, 26,12.0,13.0, 0.0, 0.000, 0.3, 0.000, 0.000,13.0,
00:02:23, 725,  0, 36,  0, 98, 62, 38,  0,109, 69,107, 751, 15,26, 0,    0, 1.617, 0.00,  3,N,N,N,N,Y,N,N,N,N,N,N,N,N,N,N,P/N, 0,128,128,140, 26,12.0,13.2, 0.0, 0.000, 0.3, 0.000, 0.000,13.2,
00:02:23, 712,  0, 36,  0, 98, 62, 37,  0,109, 69,107, 751, 15,27, 0,    0, 1.556, 0.00,  3,N,N,N,N,Y,N,N,N,N,N,N,N,N,N,N,P/N, 0,128,128,140, 26,12.0,13.2, 0.0, 0.000, 0.3, 0.000, 0.000,13.2,
00:02:23, 712,  0, 36,  0, 98, 63, 38,  0,109, 69,107, 738, 15,27, 0,    0, 1.617, 0.00,  3,N,N,N,N,Y,N,N,N,N,N,N,N,N,N,N,P/N, 0,128,128,140, 26,12.0,13.2, 0.0, 0.000, 0.0, 0.000, 0.000,13.2,
00:02:23, 725,  0, 35,  0, 98, 63, 38,  0,109, 69,107, 747, 16,26, 0,    0, 1.556, 0.00,  3,N,N,N,N,Y,N,N,N,N,N,N,N,N,N,N,P/N, 0,128,128,140, 26,12.0,13.2, 0.0, 0.000, 0.0, 0.000, 0.000,13.2,
00:02:23, 712,  0, 35,  0, 98, 63, 38,  0,109, 69,107, 751, 16,27, 0,    0, 1.617, 0.00,  3,N,N,N,N,Y,N,N,N,N,N,N,N,N,N,N,P/N, 0,128,128,140, 26,12.0,13.2, 0.0, 0.000, 0.0, 0.000, 0.000,13.2,
00:02:23, 725,  0, 36,  0, 98, 63, 39,  0,109, 69,107, 751, 16,26, 0,    0, 1.617, 0.00,  3,N,N,N,N,Y,N,N,N,N,N,N,N,N,N,N,P/N, 0,128,128,140, 26,12.0,13.2, 0.0, 0.000, 0.0, 0.000, 0.000,13.2,
00:02:24, 700,  0, 36,  0, 98, 63, 38,  0,109, 69,107, 751, 15,27, 0,    0, 1.617, 0.00,  3,N,N,N,N,Y,N,N,N,N,N,N,N,N,N,N,P/N, 0,128,128,140, 26,12.0,13.2, 0.0, 0.000, 0.0, 0.000, 0.000,13.2,
00:02:24, 700,  0, 36,  0, 98, 63, 37,  0,109, 69,107, 751, 15,27, 0,    0, 1.556, 0.00,  3,N,N,N,N,Y,N,N,N,N,N,N,N,N,N,N,P/N, 0,128,128,140, 26,12.0,13.2, 0.0, 0.000, 0.0, 0.000, 0.000,13.2,
00:02:24, 712,  0, 35,  0, 98, 63, 37,  0,109, 69,107, 751, 15,27, 0,    0, 1.556, 0.00,  3,N,N,N,N,Y,N,N,N,N,N,N,N,N,N,N,P/N, 0,128,128,140, 26,12.0,13.2, 0.0, 0.000, 0.0, 0.000, 0.000,13.2,
00:02:24, 712,  0, 35,  0, 98, 63, 38,  0,109, 69,107, 751, 15,27, 0,    0, 1.617, 0.00,  3,N,N,N,N,Y,N,N,N,N,N,N,N,N,N,N,P/N, 0,128,128,140, 26,12.0,13.2, 0.0, 0.000, 0.0, 0.000, 0.000,13.2,
00:02:24, 700,  0, 36,  0, 98, 62, 39,  0,109, 69,107, 756, 15,28, 0,    0, 1.678, 0.00,  3,N,N,N,N,Y,N,N,N,N,N,N,N,N,N,N,P/N, 0,128,128,140, 26,12.0,13.2, 0.0, 0.000, 0.3, 0.000, 0.000,13.2,
00:02:24, 700,  0, 36,  0, 98, 62, 39,  0,109, 69,107, 751, 16,27, 0,    0, 1.648, 0.00,  3,N,N,N,N,Y,N,N,N,N,N,N,N,N,N,N,P/N, 0,128,128,140, 26,12.0,13.2, 0.0, 0.000, 0.0, 0.000, 0.000,13.2,
00:02:24, 700,  0, 36,  0, 98, 62, 38,  0,109, 71,107, 751, 15,28, 0,    0, 1.617, 0.00,  3,N,N,N,N,Y,N,N,N,N,N,N,N,N,N,N,P/N, 0,128,128,140, 26,12.0,13.2, 0.0, 0.000, 0.0, 0.000, 0.000,13.2,
00:02:24, 712,  0, 36,  0, 98, 62, 38,  0,109, 71,107, 756, 15,27, 0,    0, 1.648, 0.00,  3,N,N,N,N,Y,N,N,N,N,N,N,N,N,N,N,P/N, 0,128,128,140, 26,12.0,13.2, 0.0, 0.000, 0.3, 0.000, 0.000,13.2,
00:02:24, 712,  0, 36,  0, 98, 62, 39,  0,109, 69,107, 751, 16,27, 0,    0, 1.648, 0.00,  3,N,N,N,N,Y,N,N,N,N,N,N,N,N,N,N,P/N, 0,128,128,140, 26,12.0,12.9, 0.0, 0.000, 0.3, 0.000, 0.000,12.9,
00:02:24, 712,  0, 36,  0, 98, 62, 38,  0,109, 69,107, 751, 15,27, 0,    0, 1.617, 0.00,  3,N,N,N,N,Y,N,N,N,N,N,N,N,N,N,N,P/N, 0,128,128,140, 26,12.0,13.2, 0.0, 0.000, 0.3, 0.000, 0.000,13.2,
00:02:24, 712,  0, 36,  0, 98, 62, 39,  0,109, 69,107, 756, 15,27, 0,    0, 1.617, 0.00,  3,N,N,N,N,Y,N,N,N,N,N,N,N,N,N,N,P/N, 0,128,128,140, 26,12.0,13.2, 0.0, 0.000, 0.0, 0.000, 0.000,13.2,
00:02:24, 725,  0, 36,  0, 98, 63, 38,  0,109, 69,107, 756, 16,26, 0,    0, 1.556, 0.00,  3,N,N,N,N,Y,N,N,N,N,N,N,N,N,N,N,P/N, 0,128,128,140, 26,12.0,13.1, 0.0, 0.000, 0.0, 0.000, 0.000,13.1,
00:02:24, 700,  0, 35,  0, 98, 63, 37,  0,109, 69,107, 751, 16,28, 0,    0, 1.556, 0.00,  3,N,N,N,N,Y,N,N,N,N,N,N,N,N,N,N,P/N, 0,128,128,140, 26,12.0,13.2, 0.0, 0.000, 0.0, 0.000, 0.000,13.2,
00:02:24, 712,  0, 35,  0, 98, 63, 36,  0,109, 69,107, 751, 15,27, 0,    0, 1.526, 0.00,  3,N,N,N,N,Y,N,N,N,N,N,N,N,N,N,N,P/N, 0,128,128,140, 26,12.0,13.2, 0.0, 0.000, 0.0, 0.000, 0.000,13.2,
00:02:24, 737,  0, 35,  0, 98, 63, 38,  0,109, 69,107, 743, 16,25, 0,    0, 1.556, 0.00,  3,N,N,N,N,Y,N,N,N,N,N,N,N,N,N,N,P/N, 0,128,128,140, 25,12.0,13.2, 0.0, 0.000, 0.0, 0.000, 0.000,13.2,
00:02:24, 712,  0, 36,  0, 98, 63, 37,  0,109, 69,107, 751, 15,27, 0,    0, 1.556, 0.00,  3,N,N,N,N,Y,N,N,N,N,N,N,N,N,N,N,P/N, 0,128,128,140, 25,12.0,13.2, 0.0, 0.000, 0.0, 0.000, 0.000,13.2,
00:02:24, 725,  0, 36,  0, 98, 63, 38,  0,109, 69,107, 751, 16,26, 0,    0, 1.556, 0.00,  3,N,N,N,N,Y,N,N,N,N,N,N,N,N,N,N,P/N, 0,128,128,140, 25,12.0,13.2, 0.0, 0.000, 0.0, 0.000, 0.000,13.2,
00:02:25, 737,  0, 36,  0, 98, 63, 37,  0,109, 69,107, 751, 15,25, 0,    0, 1.556, 0.00,  3,N,N,N,N,Y,N,N,N,N,N,N,N,N,N,N,P/N, 0,128,128,140, 25,12.0,13.2, 0.0, 0.000, 0.0, 0.000, 0.000,13.2,
00:02:25, 712,  0, 35,  0, 98, 63, 37,  0,109, 69,107, 751, 15,27, 0,    0, 1.556, 0.00,  3,N,N,N,N,Y,N,N,N,N,N,N,N,N,N,N,P/N, 0,128,128,140, 25,12.0,13.2, 0.0, 0.000, 0.0, 0.000, 0.000,13.2,
00:02:25, 700,  0, 36,  0, 98, 63, 37,  0,109, 69,107, 756, 15,28, 0,    0, 1.556, 0.00,  3,N,N,N,N,Y,N,N,N,N,N,N,N,N,N,N,P/N, 0,128,128,140, 25,12.0,12.9, 0.0, 0.000, 0.0, 0.000, 0.000,12.9,
00:02:25, 725,  0, 36,  0, 98, 63, 39,  0,109, 69,107, 751, 16,26, 0,    0, 1.617, 0.00,  3,N,N,N,N,Y,N,N,N,N,N,N,N,N,N,N,P/N, 0,128,128,140, 25,12.0,13.2, 0.0, 0.000, 0.0, 0.000, 0.000,13.2,
00:02:25, 712,  0, 35,  0, 98, 63, 38,  0,109, 69,107, 756, 15,27, 0,    0, 1.617, 0.00,  3,N,N,N,N,Y,N,N,N,N,N,N,N,N,N,N,P/N, 0,128,128,140, 25,12.0,13.2, 0.0, 0.000, 0.0, 0.000, 0.000,13.2,
00:02:25, 712,  0, 36,  0, 98, 63, 38,  0,109, 69,107, 756, 16,27, 0,    0, 1.617, 0.00,  3,N,N,N,N,Y,N,N,N,N,N,N,N,N,N,N,P/N, 0,128,128,140, 25,12.0,13.1, 0.0, 0.000, 0.0, 0.000, 0.000,13.1,
00:02:25, 712,  0, 35,  0, 98, 63, 39,  0,109, 69,107, 756, 16,27, 0,    0, 1.617, 0.00,  3,N,N,N,N,Y,N,N,N,N,N,N,N,N,N,N,P/N, 0,128,128,140, 25,12.0,13.1, 0.0, 0.000, 0.0, 0.000, 0.000,13.1,
00:02:25, 712,  0, 35,  0, 98, 63, 38,  0,110, 69,107, 756, 16,27, 0,    0, 1.617, 0.00,  3,N,N,N,N,Y,N,N,N,N,N,N,N,N,N,N,P/N, 0,128,128,140, 25,12.0,13.1, 0.0, 0.000, 0.3, 0.000, 0.000,13.1,
00:02:25, 712,  0, 35,  0, 98, 63, 39,  0,110, 69,109, 756, 16,27, 0,    0, 1.617, 0.00,  3,N,N,N,N,Y,N,N,N,N,N,N,N,N,N,N,P/N, 0,128,128,140, 25,12.0,13.1, 0.0, 0.000, 0.3, 0.000, 0.000,13.1,
00:02:25, 725,  0, 36,  0, 98, 63, 38,  0,110, 69,109, 756, 16,27, 0,    0, 1.556, 0.00,  3,N,N,N,N,Y,N,N,N,N,N,N,N,N,N,N,P/N, 0,128,128,140, 25,12.0,13.1, 0.0, 0.000, 0.3, 0.000, 0.000,13.1,
00:02:25, 712,  0, 36,  0, 98, 63, 36,  0,110, 69,109, 756, 16,27, 0,    0, 1.526, 0.00,  3,N,N,N,N,Y,N,N,N,N,N,N,N,N,N,N,P/N, 0,128,128,140, 25,12.0,13.1, 0.0, 0.000, 0.0, 0.000, 0.000,13.1,
00:02:25, 712,  0, 35,  0, 98, 63, 37,  0,110, 69,109, 756, 15,26, 0,    0, 1.556, 0.00,  3,N,N,N,N,Y,N,N,N,N,N,N,N,N,N,N,P/N, 0,128,128,140, 25,12.0,13.1, 0.0, 0.000, 0.0, 0.000, 0.000,13.1,
00:02:25, 725,  0, 35,  0, 98, 63, 37,  0,110, 69,109, 751, 16,25, 0,    0, 1.648, 0.00,  3,N,N,N,N,Y,N,N,N,N,N,N,N,N,N,N,P/N, 0,128,128,140, 25,12.0,13.1, 0.0, 0.000, 0.0, 0.000, 0.000,13.1,
00:02:25, 687,  0, 36,  0, 98, 63, 39,  0,110, 69,109, 743, 15,28, 0,    0, 1.648, 0.00,  3,N,N,N,N,Y,N,N,N,N,N,N,N,N,N,N,P/N, 0,128,128,140, 25,12.0,13.2, 0.0, 0.000, 0.6, 0.000, 0.000,13.2,
00:02:25, 700,  0, 36,  0, 98, 62, 39,  0,110, 69,109, 751, 15,27, 0,    0, 1.648, 0.00,  3,N,N,N,N,Y,N,N,N,N,N,N,N,N,N,N,P/N, 0,128,128,140, 25,12.0,13.2, 0.0, 0.000, 0.3, 0.000, 0.000,13.2,
00:02:25, 675,  0, 36,  0, 98, 62, 38,  0,110, 71,109, 751, 15,28, 0,    0, 1.617, 0.00,  3,N,N,N,N,Y,N,N,N,N,N,N,N,N,N,N,P/N, 0,128,128,140, 25,12.0,13.2, 0.0, 0.000, 0.6, 0.000, 0.000,13.2,
00:02:25, 700,  0, 36,  0, 98, 63, 39,  0,110, 69,109, 751, 15,27, 0,    0, 1.648, 0.00,  3,N,N,N,N,Y,N,N,N,N,N,N,N,N,N,N,P/N, 0,128,128,140, 25,12.0,13.2, 0.0, 0.000, 0.9, 0.000, 0.000,13.2,
00:02:26, 725,  0, 36,  0, 98, 63, 38,  0,110, 69,109, 751, 15,25, 0,    0, 1.617, 0.00,  3,N,N,N,N,Y,N,N,N,N,N,N,N,N,N,N,P/N, 0,128,128,140, 25,12.0,13.2, 0.0, 0.000, 0.3, 0.000, 0.000,13.2,
00:02:26, 687,  0, 36,  0, 98, 62, 39,  0,110, 69,109, 751, 15,27, 0,    0, 1.648, 0.00,  3,N,N,N,N,Y,N,N,N,N,N,N,N,N,N,N,P/N, 0,128,128,140, 25,12.0,13.2, 0.0, 0.000, 0.3, 0.000, 0.000,13.2,
00:02:26, 687,  0, 36,  0, 98, 62, 38,  0,110, 69,109, 751, 16,27, 0,    0, 1.587, 0.00,  3,N,N,N,N,Y,N,N,N,N,N,N,N,N,N,N,P/N, 0,128,128,140, 25,12.0,13.2, 0.0, 0.000, 0.6, 0.000, 0.000,13.2,
00:02:26, 712,  0, 35,  0, 98, 63, 38,  0,110, 69,109, 751, 15,26, 0,    0, 1.587, 0.00,  3,N,N,N,N,Y,N,N,N,N,N,N,N,N,N,N,P/N, 0,128,128,140, 25,12.0,13.2, 0.0, 0.000, 0.0, 0.000, 0.000,13.2,
00:02:26, 725,  0, 36,  0, 98, 63, 36,  0,110, 69,109, 751, 16,25, 0,    0, 1.526, 0.00,  3,N,N,N,N,Y,N,N,N,N,N,N,N,N,N,N,P/N, 0,128,128,140, 25,12.0,13.1, 0.0, 0.000, 0.0, 0.000, 0.000,13.1,
00:02:26, 712,  0, 36,  0, 98, 62, 38,  0,110, 69,109, 751, 15,25, 0,    0, 1.617, 0.00,  3,N,N,N,N,Y,N,N,N,N,N,N,N,N,N,N,P/N, 0,128,128,140, 25,12.0,13.3, 0.0, 0.000, 0.3, 0.000, 0.000,13.3,
00:02:26, 725,  0, 36,  0, 98, 63, 38,  0,110, 69,109, 751, 15,25, 0,    0, 1.587, 0.00,  3,N,N,N,N,Y,N,N,N,N,N,N,N,N,N,N,P/N, 0,128,128,140, 25,12.0,13.3, 0.0, 0.000, 0.0, 0.000, 0.000,13.3,
00:02:26, 700,  0, 36,  0, 98, 62, 38,  0,110, 69,109, 751, 15,27, 0,    0, 1.617, 0.00,  3,N,N,N,N,Y,N,N,N,N,N,N,N,N,N,N,P/N, 0,128,128,140, 25,12.0,13.3, 0.0, 0.000, 0.0, 0.000, 0.000,13.3,
00:02:26, 700,  0, 36,  0, 98, 63, 38,  0,110, 69,109, 751, 16,27, 0,    0, 1.617, 0.00,  3,N,N,N,N,Y,N,N,N,N,N,N,N,N,N,N,P/N, 0,128,128,140, 25,12.0,13.3, 0.0, 0.000, 0.0, 0.000, 0.000,13.3,
00:02:26, 687,  0, 36,  0, 98, 62, 39,  0,110, 69,109, 747, 15,27, 0,    0, 1.648, 0.00,  3,N,N,N,N,Y,N,N,N,N,N,N,N,N,N,N,P/N, 0,128,128,140, 25,12.0,13.3, 0.0, 0.000, 0.6, 0.000, 0.000,13.3,
00:02:26, 700,  0, 36,  0, 98, 62, 38,  0,110, 69,109, 751, 15,27, 0,    0, 1.617, 0.00,  3,N,N,N,N,Y,N,N,N,N,N,N,N,N,N,N,P/N, 0,128,128,140, 25,12.0,13.3, 0.0, 0.000, 0.6, 0.000, 0.000,13.3,
00:02:26, 700,  0, 36,  0, 98, 62, 38,  0,110, 69,109, 751, 16,27, 0,    0, 1.587, 0.00,  3,N,N,N,N,Y,N,N,N,N,N,N,N,N,N,N,P/N, 0,128,128,140, 25,12.0,13.3, 0.0, 0.000, 0.3, 0.000, 0.000,13.3,
00:02:26, 725,  0, 36,  0, 98, 63, 39,  0,110, 69,109, 751, 16,27, 0,    0, 1.648, 0.00,  3,N,N,N,N,Y,N,N,N,N,N,N,N,N,N,N,P/N, 0,128,128,140, 25,12.0,13.3, 0.0, 0.000, 0.3, 0.000, 0.000,13.3,
00:02:26, 700,  0, 36,  0, 98, 63, 39,  0,110, 69,109, 756, 15,27, 0,    0, 1.648, 0.00,  3,N,N,N,N,Y,N,N,N,N,N,N,N,N,N,N,P/N, 0,128,128,140, 25,12.0,13.2, 0.0, 0.000, 0.3, 0.000, 0.000,13.2,
00:02:26, 712,  0, 36,  0, 98, 62, 39,  0,110, 69,109, 751, 16,27, 0,    0, 1.556, 0.00,  3,N,N,N,N,Y,N,N,N,N,N,N,N,N,N,N,P/N, 0,128,128,140, 25,12.0,13.2, 0.0, 0.000, 0.3, 0.000, 0.000,13.2,
00:02:26, 700,  0, 36,  0, 98, 63, 38,  0,110, 69,109, 751, 15,26, 0,    0, 1.587, 0.00,  3,N,N,N,N,Y,N,N,N,N,N,N,N,N,N,N,P/N, 0,128,128,140, 25,12.0,13.2, 0.0, 0.000, 0.0, 0.000, 0.000,13.2,
00:02:26, 687,  0, 36,  0, 98, 63, 38,  0,110, 71,109, 756, 15,28, 0,    0, 1.617, 0.00,  3,N,N,N,N,Y,N,N,N,N,N,N,N,N,N,N,P/N, 0,128,128,140, 25,12.0,13.2, 0.0, 0.000, 0.0, 0.000, 0.000,13.2,
00:02:27, 700,  0, 36,  0, 98, 63, 39,  0,110, 71,109, 751, 16,27, 0,    0, 1.648, 0.00,  3,N,N,N,N,Y,N,N,N,N,N,N,N,N,N,N,P/N, 0,128,128,140, 25,12.0,13.2, 0.0, 0.000, 0.0, 0.000, 0.000,13.2,
00:02:27, 700,  0, 36,  0, 98, 62, 38,  0,110, 69,109, 751, 15,28, 0,    0, 1.648, 0.00,  3,N,N,N,N,Y,N,N,N,N,N,N,N,N,N,N,P/N, 0,128,128,140, 25,12.0,13.2, 0.0, 0.000, 0.0, 0.000, 0.000,13.2,
00:02:27, 675,  0, 36,  0, 98, 62, 38,  0,110, 69,109, 751, 15,28, 0,    0, 1.617, 0.00,  3,N,N,N,N,Y,N,N,N,N,N,N,N,N,N,N,P/N, 0,128,128,140, 25,12.0,13.3, 0.0, 0.000, 0.3, 0.000, 0.000,13.3,
00:02:27, 700,  0, 36,  0, 98, 62, 38,  0,110, 69,109, 751, 16,27, 0,    0, 1.617, 0.00,  3,N,N,N,N,Y,N,N,N,N,N,N,N,N,N,N,P/N, 0,128,128,140, 25,12.0,13.3, 0.0, 0.000, 0.3, 0.000, 0.000,13.3,
00:02:27, 700,  0, 36,  0, 98, 63, 39,  0,110, 69,109, 738, 15,27, 0,    0, 1.678, 0.00,  3,N,N,N,N,Y,N,N,N,N,N,N,N,N,N,N,P/N, 0,128,128,140, 25,12.0,13.3, 0.0, 0.000, 0.0, 0.000, 0.000,13.3,
00:02:27, 700,  0, 36,  0, 98, 62, 38,  0,110, 69,109, 751, 14,27, 0,    0, 1.648, 0.00,  3,N,N,N,N,Y,N,N,N,N,N,N,N,N,N,N,P/N, 0,128,128,140, 25,12.0,13.4, 0.0, 0.000, 0.3, 0.000, 0.000,13.4,
00:02:27, 712,  0, 36,  0, 98, 63, 39,  0,110, 69,109, 751, 15,26, 0,    0, 1.648, 0.00,  3,N,N,N,N,Y,N,N,N,N,N,N,N,N,N,N,P/N, 0,128,128,140, 25,12.0,13.4, 0.0, 0.000, 0.0, 0.000, 0.000,13.4,
00:02:27, 700,  0, 36,  0, 98, 63, 39,  0,110, 69,109, 747, 15,27, 0,    0, 1.648, 0.00,  3,N,N,N,N,Y,N,N,N,N,N,N,N,N,N,N,P/N, 0,128,128,140, 25,12.0,13.4, 0.0, 0.000, 0.0, 0.000, 0.000,13.4,
00:02:27, 687,  0, 36,  0, 98, 62, 39,  0,110, 69,109, 751, 15,28, 0,    0, 1.678, 0.00,  3,N,N,N,N,Y,N,N,N,N,N,N,N,N,N,N,P/N, 0,128,128,140, 25,12.0,13.4, 0.0, 0.000, 0.3, 0.000, 0.000,13.4,
00:02:27, 725,  0, 36,  0, 98, 62, 39,  0,110, 69,109, 751, 15,25, 0,    0, 1.678, 0.00,  4,N,N,N,N,Y,N,N,N,N,N,N,N,N,N,N,P/N, 0,128,128,140, 25,12.0,13.4, 0.0, 0.000, 0.0, 0.000, 0.000,13.4,
00:02:27, 700,  0, 36,  0, 98, 62, 38,  0,110, 69,109, 751, 15,26, 0,    0, 1.587, 0.00,  3,N,N,N,N,Y,N,N,N,N,N,N,N,N,N,N,P/N, 0,128,128,140, 25,12.0,13.4, 0.0, 0.000, 0.0, 0.000, 0.000,13.4,
00:02:27, 712,  0, 36,  0, 98, 63, 38,  0,110, 69,109, 751, 15,26, 0,    0, 1.617, 0.00,  3,N,N,N,N,Y,N,N,N,N,N,N,N,N,N,N,P/N, 0,128,128,140, 25,12.0,13.4, 0.0, 0.000, 0.0, 0.000, 0.000,13.4,
00:02:27, 725,  0, 35,  0, 98, 63, 39,  0,110, 69,109, 751, 16,25, 0,    0, 1.617, 0.00,  3,N,N,N,N,Y,N,N,N,N,N,N,N,N,N,N,P/N, 0,128,128,140, 25,12.0,13.4, 0.0, 0.000, 0.0, 0.000, 0.000,13.4,
00:02:27, 700,  0, 36,  0, 98, 62, 39,  0,110, 69,109, 751, 15,27, 0,    0, 1.648, 0.00,  3,N,N,N,N,Y,N,N,N,N,N,N,N,N,N,N,P/N, 0,128,128,140, 25,12.0,13.4, 0.0, 0.000, 0.0, 0.000, 0.000,13.4,
00:02:27, 712,  0, 36,  0, 98, 62, 39,  0,110, 69,109, 751, 16,27, 0,    0, 1.648, 0.00,  3,N,N,N,N,Y,N,N,N,N,N,N,N,N,N,N,P/N, 0,128,128,140, 25,12.0,13.3, 0.0, 0.000, 0.0, 0.000, 0.000,13.3,
00:02:27, 700,  0, 36,  0, 98, 63, 39,  0,110, 69,109, 751, 16,27, 0,    0, 1.648, 0.00,  3,N,N,N,N,Y,N,N,N,N,N,N,N,N,N,N,P/N, 0,128,128,140, 25,12.0,13.3, 0.0, 0.000, 0.0, 0.000, 0.000,13.3,
00:02:27, 700,  0, 35,  0, 98, 63, 38,  0,110, 69,109, 751, 15,27, 0,    0, 1.648, 0.00,  3,N,N,N,N,Y,N,N,N,N,N,N,N,N,N,N,P/N, 0,128,128,140, 25,12.0,13.3, 0.0, 0.000, 0.0, 0.000, 0.000,13.3,
00:02:28, 700,  0, 36,  0, 98, 62, 39,  0,110, 69,109, 751, 15,27, 0,    0, 1.648, 0.00,  3,N,N,N,N,Y,N,N,N,N,N,N,N,N,N,N,P/N, 0,128,128,140, 25,12.0,13.2, 0.0, 0.000, 0.6, 0.000, 0.000,13.2,
00:02:28, 712,  0, 36,  0, 98, 62, 39,  0,110, 69,109, 751, 15,26, 0,    0, 1.648, 0.00,  3,N,N,N,N,Y,N,N,N,N,N,N,N,N,N,N,P/N, 0,128,128,140, 25,12.0,13.2, 0.0, 0.000, 0.3, 0.000, 0.000,13.2,
00:02:28, 737,  0, 36,  0, 98, 62, 39,  0,110, 69,109, 756, 16,24, 0,    0, 1.648, 0.00,  4,N,N,N,N,Y,N,N,N,N,N,N,N,N,N,N,P/N, 0,128,128,140, 25,12.0,13.2, 0.0, 0.000, 0.3, 0.000, 0.000,13.2,
00:02:28, 700,  0, 35,  0, 98, 63, 37,  0,110, 69,109, 756, 16,24, 0,    0, 1.556, 0.00,  3,N,N,N,N,Y,N,N,N,N,N,N,N,N,N,N,P/N, 0,128,128,140, 25,12.0,13.2, 0.0, 0.000, 0.0, 0.000, 0.000,13.2,
00:02:28, 712,  0, 35,  0, 98, 63, 38,  0,110, 69,109, 751, 15,26, 0,    0, 1.587, 0.00,  3,N,N,N,N,Y,N,N,N,N,N,N,N,N,N,N,P/N, 0,128,128,140, 25,12.0,13.2, 0.0, 0.000, 0.0, 0.000, 0.000,13.2,
00:02:28, 687,  0, 36,  0, 98, 62, 38,  0,110, 69,109, 756, 15,28, 0,    0, 1.648, 0.00,  3,N,N,N,N,Y,N,N,N,N,N,N,N,N,N,N,P/N, 0,128,128,140, 25,12.0,13.2, 0.0, 0.000, 0.0, 0.000, 0.000,13.2,
00:02:28, 712,  0, 36,  0, 98, 62, 39,  0,110, 69,109, 756, 16,27, 0,    0, 1.617, 0.00,  3,N,N,N,N,Y,N,N,N,N,N,N,N,N,N,N,P/N, 0,128,128,140, 25,12.0,13.2, 0.0, 0.000, 0.0, 0.000, 0.000,13.2,
00:02:28, 712,  0, 36,  0, 98, 62, 39,  0,110, 69,109, 751, 16,26, 0,    0, 1.648, 0.00,  3,N,N,N,N,Y,N,N,N,N,N,N,N,N,N,N,P/N, 0,128,128,140, 25,12.0,13.2, 0.0, 0.000, 0.0, 0.000, 0.000,13.2,
00:02:28, 712,  0, 35,  0, 98, 63, 38,  0,110, 71,109, 751, 15,26, 0,    0, 1.587, 0.00,  3,N,N,N,N,Y,N,N,N,N,N,N,N,N,N,N,P/N, 0,128,128,140, 25,12.0,13.2, 0.0, 0.000, 0.0, 0.000, 0.000,13.2,
00:02:28, 700,  0, 35,  0, 98, 63, 39,  0,110, 71,109, 751, 15,27, 0,    0, 1.648, 0.00,  3,N,N,N,N,Y,N,N,N,N,N,N,N,N,N,N,P/N, 0,128,128,140, 25,12.0,13.1, 0.0, 0.000, 0.0, 0.000, 0.000,13.1,
00:02:28, 712,  0, 36,  0, 98, 62, 38,  0,110, 69,109, 751, 15,26, 0,    0, 1.617, 0.00,  3,N,N,N,N,Y,N,N,N,N,N,N,N,N,N,N,P/N, 0,128,128,140, 25,12.0,13.2, 0.0, 0.000, 0.3, 0.000, 0.000,13.2,
00:02:28, 687,  0, 36,  0, 98, 62, 38,  0,110, 69,109, 756, 15,28, 0,    0, 1.617, 0.00,  3,N,N,N,N,Y,N,N,N,N,N,N,N,N,N,N,P/N, 0,128,128,140, 25,12.0,13.3, 0.0, 0.000, 0.6, 0.000, 0.000,13.3,
00:02:28, 712,  0, 36,  0, 98, 62, 38,  0,110, 69,109, 751, 15,27, 0,    0, 1.617, 0.00,  3,N,N,N,N,Y,N,N,N,N,N,N,N,N,N,N,P/N, 0,128,128,140, 25,12.0,13.2, 0.0, 0.000, 0.3, 0.000, 0.000,13.2,
00:02:28, 712,  0, 36,  0, 98, 62, 39,  0,110, 69,109, 751, 15,26, 0,    0, 1.648, 0.00,  3,N,N,N,N,Y,N,N,N,N,N,N,N,N,N,N,P/N, 0,128,128,140, 25,12.0,13.1, 0.0, 0.000, 0.6, 0.000, 0.000,13.1,
00:02:28, 712,  0, 36,  0, 98, 62, 39,  0,110, 69,109, 756, 15,27, 0,    0, 1.678, 0.00,  3,N,N,N,N,Y,N,N,N,N,N,N,N,N,N,N,P/N, 0,128,128,140, 25,12.0,13.2, 0.0, 0.000, 0.6, 0.000, 0.000,13.2,
00:02:28, 712,  0, 36,  0, 98, 62, 38,  0,110, 69,109, 756, 15,27, 0,    0, 1.617, 0.00,  3,N,N,N,N,Y,N,N,N,N,N,N,N,N,N,N,P/N, 0,128,128,140, 25,12.0,13.2, 0.0, 0.000, 0.0, 0.000, 0.000,13.2,
00:02:28, 700,  0, 36,  0, 98, 63, 38,  0,110, 69,109, 756, 15,27, 0,    0, 1.617, 0.00,  3,N,N,N,N,Y,N,N,N,N,N,N,N,N,N,N,P/N, 0,128,128,140, 25,12.0,13.2, 0.0, 0.000, 0.0, 0.000, 0.000,13.2,
00:02:29, 725,  0, 36,  0, 98, 63, 38,  0,110, 69,109, 756, 16,25, 0,    0, 1.587, 0.00,  3,N,N,N,N,Y,N,N,N,N,N,N,N,N,N,N,P/N, 0,128,128,140, 25,12.0,13.2, 0.0, 0.000, 0.0, 0.000, 0.000,13.2,
00:02:29, 737,  0, 36,  0, 98, 63, 39,  0,110, 69,109, 751, 16,24, 0,    0, 1.648, 0.00,  4,N,N,N,N,Y,N,N,N,N,N,N,N,N,N,N,P/N, 0,128,128,140, 25,12.0,13.2, 0.0, 0.000, 0.0, 0.000, 0.000,13.2,
00:02:29, 712,  0, 36,  0, 98, 62, 38,  0,110, 69,109, 756, 15,28, 0,    0, 1.617, 0.00,  3,N,N,N,N,Y,N,N,N,N,N,N,N,N,N,N,P/N, 0,128,128,140, 25,12.0,13.2, 0.0, 0.000, 0.0, 0.000, 0.000,13.2,
00:02:29, 687,  0, 36,  0, 98, 62, 39,  0,110, 69,109, 756, 16,28, 0,    0, 1.648, 0.00,  3,N,N,N,N,Y,N,N,N,N,N,N,N,N,N,N,P/N, 0,128,128,140, 25,12.0,13.2, 0.0, 0.000, 0.0, 0.000, 0.000,13.2,
00:02:29, 712,  0, 35,  0, 98, 63, 38,  0,110, 69,109, 751, 15,26, 0,    0, 1.648, 0.00,  3,N,N,N,N,Y,N,N,N,N,N,N,N,N,N,N,P/N, 0,128,128,140, 25,12.0,13.2, 0.0, 0.000, 0.0, 0.000, 0.000,13.2,
00:02:29, 712,  0, 36,  0, 98, 63, 38,  0,110, 69,109, 756, 15,26, 0,    0, 1.617, 0.00,  3,N,N,N,N,Y,N,N,N,N,N,N,N,N,N,N,P/N, 0,128,128,140, 25,12.0,13.1, 0.0, 0.000, 0.0, 0.000, 0.000,13.1,
00:02:29, 712,  0, 36,  0, 98, 62, 39,  0,110, 69,109, 756, 16,26, 0,    0, 1.648, 0.00,  3,N,N,N,N,Y,N,N,N,N,N,N,N,N,N,N,P/N, 0,128,128,140, 25,12.0,13.2, 0.0, 0.000, 0.0, 0.000, 0.000,13.2,
00:02:29, 725,  0, 36,  0, 98, 62, 38,  0,110, 69,109, 751, 16,25, 0,    0, 1.556, 0.00,  3,N,N,N,N,Y,N,N,N,N,N,N,N,N,N,N,P/N, 0,128,128,140, 25,12.0,13.2, 0.0, 0.000, 0.0, 0.000, 0.000,13.2,
00:02:29, 687,  0, 36,  0, 98, 62, 38,  0,110, 69,109, 751, 15,26, 0,    0, 1.587, 0.00,  3,N,N,N,N,Y,N,N,N,N,N,N,N,N,N,N,P/N, 0,128,128,140, 25,12.0,13.2, 0.0, 0.000, 0.0, 0.000, 0.000,13.2,
00:02:29, 700,  0, 36,  0, 98, 63, 38,  0,110, 69,109, 756, 16,27, 0,    0, 1.587, 0.00,  3,N,N,N,N,Y,N,N,N,N,N,N,N,N,N,N,P/N, 0,128,128,140, 25,12.0,13.1, 0.0, 0.000, 0.6, 0.000, 0.000,13.1,
00:02:29, 675,  0, 36,  0, 98, 62, 39,  0,110, 69,109, 751, 15,28, 0,    0, 1.678, 0.00,  3,N,N,N,N,Y,N,N,N,N,N,N,N,N,N,N,P/N, 0,128,128,140, 25,12.0,13.2, 0.0, 0.000, 0.6, 0.000, 0.000,13.2,
00:02:29, 675,  0, 36,  0, 98, 62, 38,  0,110, 69,109, 756, 14,28, 0,    0, 1.617, 0.00,  3,N,N,N,N,Y,N,N,N,N,N,N,N,N,N,N,P/N, 0,128,128,140, 25,12.0,13.3, 0.0, 0.000, 0.6, 0.000, 0.000,13.3,
00:02:29, 700,  0, 36,  0, 98, 62, 38,  0,110, 69,109, 751, 16,27, 0,    0, 1.587, 0.00,  3,N,N,N,N,Y,N,N,N,N,N,N,N,N,N,N,P/N, 0,128,128,140, 25,12.0,13.3, 0.0, 0.000, 0.0, 0.000, 0.000,13.3,
00:02:29, 712,  0, 36,  0, 98, 62, 38,  0,110, 69,109, 751, 15,26, 0,    0, 1.587, 0.00,  3,N,N,N,N,Y,N,N,N,N,N,N,N,N,N,N,P/N, 0,128,128,140, 25,12.0,13.2, 0.0, 0.000, 0.0, 0.000, 0.000,13.2,
00:02:29, 712,  0, 36,  0, 98, 62, 38,  0,110, 69,109, 756, 15,27, 0,    0, 1.648, 0.00,  3,N,N,N,N,Y,N,N,N,N,N,N,N,N,N,N,P/N, 0,128,128,140, 25,12.0,13.3, 0.0, 0.000, 0.0, 0.000, 0.000,13.3,
00:02:29, 662,  0, 37,  0, 98, 62, 38,  0,110, 69,109, 751, 15,29, 0,    0, 1.617, 0.00,  3,N,N,N,N,Y,N,N,N,N,N,N,N,N,N,N,P/N, 0,128,128,140, 25,12.0,13.2, 0.0, 0.000, 0.0, 0.000, 0.000,13.2,
00:02:29, 700,  0, 37,  0, 98, 62, 38,  0,110, 69,109, 747, 15,27, 0,    0, 1.648, 0.00,  3,N,N,N,N,Y,N,N,N,N,N,N,N,N,N,N,P/N, 0,128,128,140, 25,12.0,13.1, 0.0, 0.000, 0.6, 0.000, 0.000,13.1,
00:02:30, 675,  0, 37,  0, 98, 61, 40,  0,110, 69,109, 751, 15,29, 0,    0, 1.740, 0.00,  3,N,N,N,N,Y,N,N,N,N,N,N,N,N,N,N,P/N, 0,128,128,140, 25,12.0,13.3, 0.0, 0.000, 0.9, 0.000, 0.000,13.3,
00:02:30, 675,  0, 37,  0, 98, 61, 39,  0,110, 69,109, 751, 16,29, 0,    0, 1.678, 0.00,  3,N,N,N,N,Y,N,N,N,N,N,N,N,N,N,N,P/N, 0,128,128,140, 25,12.0,13.3, 0.0, 0.000, 0.3, 0.000, 0.000,13.3,
00:02:30, 700,  0, 36,  0, 98, 62, 38,  0,110, 69,109, 743, 15,27, 0,    0, 1.648, 0.00,  3,N,N,N,N,Y,N,N,N,N,N,N,N,N,N,N,P/N, 0,128,128,140, 25,12.0,13.4, 0.0, 0.000, 0.3, 0.000, 0.000,13.4,
00:02:30, 712,  0, 36,  0, 98, 62, 39,  0,110, 69,109, 751, 15,26, 0,    0, 1.678, 0.00,  3,N,N,N,N,Y,N,N,N,N,N,N,N,N,N,N,P/N, 0,128,128,140, 25,12.0,13.2, 0.0, 0.000, 0.0, 0.000, 0.000,13.2,
00:02:30, 712,  0, 36,  0, 98, 62, 39,  0,110, 69,109, 751, 15,26, 0,    0, 1.648, 0.00,  3,N,N,N,N,Y,N,N,N,N,N,N,N,N,N,N,P/N, 0,128,128,140, 25,12.0,13.5, 0.0, 0.000, 0.3, 0.000, 0.000,13.5,
00:02:30, 700,  0, 36,  0, 98, 62, 39,  0,110, 69,109, 751, 16,27, 0,    0, 1.648, 0.00,  3,N,N,N,N,Y,N,N,N,N,N,N,N,N,N,N,P/N, 0,128,128,140, 25,12.0,13.5, 0.0, 0.000, 0.0, 0.000, 0.000,13.5,
00:02:30, 712,  0, 36,  0, 98, 62, 39,  0,110, 69,109, 756, 15,25, 0,    0, 1.617, 0.00,  3,N,N,N,N,Y,N,N,N,N,N,N,N,N,N,N,P/N, 0,128,128,140, 25,12.0,13.4, 0.0, 0.000, 0.0, 0.000, 0.000,13.4,
00:02:30, 737,  0, 35,  0, 98, 63, 38,  0,110, 69,109, 756, 16,26, 0,    0, 1.587, 0.00,  3,N,N,N,N,Y,N,N,N,N,N,N,N,N,N,N,P/N, 0,128,128,140, 25,12.0,13.4, 0.0, 0.000, 0.0, 0.000, 0.000,13.4,
00:02:30, 712,  0, 35,  0, 98, 63, 37,  0,110, 69,109, 751, 15,26, 0,    0, 1.556, 0.00,  3,N,N,N,N,Y,N,N,N,N,N,N,N,N,N,N,P/N, 0,128,128,140, 25,12.0,13.4, 0.0, 0.000, 0.0, 0.000, 0.000,13.4,
00:02:30, 712,  0, 36,  0, 98, 63, 37,  0,110, 69,109, 756, 17,26, 0,    0, 1.617, 0.00,  3,N,N,N,N,Y,N,N,N,N,N,N,N,N,N,N,P/N, 0,128,128,140, 25,12.0,13.3, 0.0, 0.000, 0.0, 0.000, 0.000,13.3,
00:02:30, 725,  0, 35,  0, 98, 63, 38,  0,110, 69,109, 756, 14,24, 0,    0, 1.587, 0.00,  3,N,N,N,N,Y,N,N,N,N,N,N,N,N,N,N,P/N, 0,128,128,140, 25,12.0,13.2, 0.0, 0.000, 0.0, 0.000, 0.000,13.2,
00:02:30, 725,  0, 35,  0, 98, 63, 38,  0,110, 69,109, 756, 15,25, 0,    0, 1.587, 0.00,  3,N,N,N,N,Y,N,N,N,N,N,N,N,N,N,N,P/N, 0,128,128,140, 25,12.0,13.2, 0.0, 0.000, 0.0, 0.000, 0.000,13.2,
00:02:30, 712,  0, 35,  0, 98, 63, 38,  0,110, 69,109, 760, 15,26, 0,    0, 1.617, 0.00,  3,N,N,N,N,Y,N,N,N,N,N,N,N,N,N,N,P/N, 0,128,128,140, 25,12.0,13.1, 0.0, 0.000, 0.0, 0.000, 0.000,13.1,
00:02:30, 725,  0, 35,  0, 98, 63, 39,  0,110, 69,109, 756, 16,25, 0,    0, 1.617, 0.00,  3,N,N,N,N,Y,N,N,N,N,N,N,N,N,N,N,P/N, 0,128,128,140, 25,12.0,13.1, 0.0, 0.000, 0.0, 0.000, 0.000,13.1,
00:02:30, 725,  0, 35,  0, 98, 63, 37,  0,110, 69,109, 760, 15,25, 0,    0, 1.556, 0.00,  3,N,N,N,N,Y,N,N,N,N,N,N,N,N,N,N,P/N, 0,128,128,140, 25,12.0,12.8, 0.0, 0.000, 0.0, 0.000, 0.000,12.8,
00:02:30, 712,  0, 36,  0, 98, 63, 37,  0,110, 69,109, 760, 16,26, 0,    0, 1.556, 0.00,  3,N,N,N,N,Y,N,N,N,N,N,N,N,N,N,N,P/N, 0,128,128,140, 25,12.0,13.0, 0.0, 0.000, 0.0, 0.000, 0.000,13.0,
00:02:30, 725,  0, 36,  0, 98, 63, 36,  0,110, 69,109, 760, 15,25, 0,    0, 1.526, 0.00,  3,N,N,N,N,Y,N,N,N,N,N,N,N,N,N,N,P/N, 0,128,128,140, 25,12.0,13.0, 0.0, 0.000, 0.0, 0.000, 0.000,13.0,
00:02:31, 712,  0, 36,  0, 98, 63, 38,  0,110, 69,109, 760, 16,26, 0,    0, 1.556, 0.00,  3,N,N,N,N,Y,N,N,N,N,N,N,N,N,N,N,P/N, 0,128,128,140, 25,12.0,13.0, 0.0, 0.000, 0.0, 0.000, 0.000,13.0,
00:02:31, 700,  0, 35,  0, 98, 63, 36,  0,111, 69,109, 760, 15,27, 0,    0, 1.526, 0.00,  3,N,N,N,N,Y,N,N,N,N,N,N,N,N,N,N,P/N, 0,128,128,140, 25,12.0,13.0, 0.0, 0.000, 0.0, 0.000, 0.000,13.0,
00:02:31, 712,  0, 35,  0, 98, 63, 39,  0,111, 69,110, 760, 15,26, 0,    0, 1.617, 0.00,  3,N,N,N,N,Y,N,N,N,N,N,N,N,N,N,N,P/N, 0,128,128,140, 25,12.0,13.0, 0.0, 0.000, 0.0, 0.000, 0.000,13.0,
00:02:31, 700,  0, 36,  0, 98, 63, 38,  0,111, 69,110, 760, 16,27, 0,    0, 1.587, 0.00,  3,N,N,N,N,Y,N,N,N,N,N,N,N,N,N,N,P/N, 0,128,128,140, 25,12.0,13.0, 0.0, 0.000, 0.0, 0.000, 0.000,13.0,
00:02:31, 712,  0, 36,  0, 98, 63, 39,  0,111, 69,110, 760, 15,26, 0,    0, 1.617, 0.00,  3,N,N,N,N,Y,N,N,N,N,N,N,N,N,N,N,P/N, 0,128,128,140, 25,12.0,13.0, 0.0, 0.000, 0.0, 0.000, 0.000,13.0,
00:02:31, 687,  0, 36,  0, 98, 63, 38,  0,111, 69,110, 760, 15,27, 0,    0, 1.587, 0.00,  3,N,N,N,N,Y,N,N,N,N,N,N,N,N,N,N,P/N, 0,128,128,140, 25,12.0,13.0, 0.0, 0.000, 0.0, 0.000, 0.000,13.0,
00:02:31, 700,  0, 36,  0, 98, 63, 38,  0,111, 69,110, 760, 15,27, 0,    0, 1.617, 0.00,  3,N,N,N,N,Y,N,N,N,N,N,N,N,N,N,N,P/N, 0,128,128,140, 25,12.0,13.0, 0.0, 0.000, 0.3, 0.000, 0.000,13.0,
00:02:31, 700,  0, 36,  0, 98, 63, 39,  0,111, 69,110, 756, 15,27, 0,    0, 1.648, 0.00,  3,N,N,N,N,Y,N,N,N,N,N,N,N,N,N,N,P/N, 0,128,128,140, 25,12.0,13.0, 0.0, 0.000, 0.6, 0.000, 0.000,13.0,
00:02:31, 700,  0, 36,  0, 98, 62, 39,  0,111, 71,110, 756, 15,28, 0,    0, 1.587, 0.00,  3,N,N,N,N,Y,N,N,N,N,N,N,N,N,N,N,P/N, 0,128,128,140, 25,12.0,13.0, 0.0, 0.000, 0.6, 0.000, 0.000,13.0,
00:02:31, 700,  0, 36,  0, 98, 63, 38,  0,111, 71,110, 756, 15,28, 0,    0, 1.617, 0.00,  3,N,N,N,N,Y,N,N,N,N,N,N,N,N,N,N,P/N, 0,128,128,140, 25,12.0,13.0, 0.0, 0.000, 0.3, 0.000, 0.000,13.0,
00:02:31, 700,  0, 36,  0, 98, 63, 39,  0,111, 69,110, 756, 15,27, 0,    0, 1.648, 0.00,  3,N,N,N,N,Y,N,N,N,N,N,N,N,N,N,N,P/N, 0,128,128,140, 25,12.0,13.0, 0.0, 0.000, 0.3, 0.000, 0.000,13.0,
00:02:31, 700,  0, 36,  0, 98, 62, 38,  0,111, 69,110, 751, 15,27, 0,    0, 1.648, 0.00,  3,N,N,N,N,Y,N,N,N,N,N,N,N,N,N,N,P/N, 0,128,128,140, 25,12.0,13.1, 0.0, 0.000, 0.6, 0.000, 0.000,13.1,
00:02:31, 700,  0, 36,  0, 98, 62, 39,  0,111, 69,110, 756, 16,27, 0,    0, 1.648, 0.00,  3,N,N,N,N,Y,N,N,N,N,N,N,N,N,N,N,P/N, 0,128,128,140, 25,12.0,13.2, 0.0, 0.000, 0.3, 0.000, 0.000,13.2,
00:02:31, 712,  0, 36,  0, 98, 62, 38,  0,111, 69,110, 751, 16,26, 0,    0, 1.587, 0.00,  3,N,N,N,N,Y,N,N,N,N,N,N,N,N,N,N,P/N, 0,128,128,140, 25,12.0,13.2, 0.0, 0.000, 0.0, 0.000, 0.000,13.2,
00:02:31, 712,  0, 36,  0, 98, 63, 38,  0,111, 69,110, 751, 15,26, 0,    0, 1.648, 0.00,  3,N,N,N,N,Y,N,N,N,N,N,N,N,N,N,N,P/N, 0,128,128,140, 25,12.0,13.2, 0.0, 0.000, 0.0, 0.000, 0.000,13.2,
00:02:31, 700,  0, 36,  0, 98, 62, 39,  0,111, 69,110, 743, 15,27, 0,    0, 1.648, 0.00,  3,N,N,N,N,Y,N,N,N,N,N,N,N,N,N,N,P/N, 0,128,128,140, 25,12.0,13.3, 0.0, 0.000, 0.6, 0.000, 0.000,13.3,
00:02:31, 712,  0, 36,  0, 98, 62, 38,  0,111, 69,110, 751, 14,26, 0,    0, 1.617, 0.00,  3,N,N,N,N,Y,N,N,N,N,N,N,N,N,N,N,P/N, 0,128,128,140, 25,12.0,13.4, 0.0, 0.000, 0.3, 0.000, 0.000,13.4,
00:02:31, 700,  0, 36,  0, 98, 62, 39,  0,111, 69,110, 751, 15,27, 0,    0, 1.648, 0.00,  3,N,N,N,N,Y,N,N,N,N,N,N,N,N,N,N,P/N, 0,128,128,140, 25,12.0,13.4, 0.0, 0.000, 0.3, 0.000, 0.000,13.4,
00:02:32, 712,  0, 36,  0, 98, 63, 39,  0,111, 69,110, 751, 15,26, 0,    0, 1.648, 0.00,  3,N,N,N,N,Y,N,N,N,N,N,N,N,N,N,N,P/N, 0,128,128,140, 25,12.0,13.5, 0.0, 0.000, 0.0, 0.000, 0.000,13.5,
00:02:32, 725,  0, 36,  0, 98, 63, 38,  0,111, 69,110, 751, 16,25, 0,    0, 1.617, 0.00,  3,N,N,N,N,Y,N,N,N,N,N,N,N,N,N,N,P/N, 0,128,128,140, 25,12.0,13.4, 0.0, 0.000, 0.3, 0.000, 0.000,13.4,
00:02:32, 712,  0, 36,  0, 98, 62, 38,  0,111, 71,110, 751, 15,26, 0,    0, 1.648, 0.00,  3,N,N,N,N,Y,N,N,N,N,N,N,N,N,N,N,P/N, 0,128,128,140, 25,12.0,13.5, 0.0, 0.000, 0.3, 0.000, 0.000,13.5,
00:02:32, 700,  0, 36,  0, 98, 62, 38,  0,111, 71,110, 751, 15,27, 0,    0, 1.587, 0.00,  3,N,N,N,N,Y,N,N,N,N,N,N,N,N,N,N,P/N, 0,128,128,140, 25,12.0,13.5, 0.0, 0.000, 0.6, 0.000, 0.000,13.5,
00:02:32, 712,  0, 35,  0, 98, 63, 39,  0,111, 69,110, 751, 15,26, 0,    0, 1.617, 0.00,  3,N,N,N,N,Y,N,N,N,N,N,N,N,N,N,N,P/N, 0,128,128,140, 25,12.0,13.5, 0.0, 0.000, 0.0, 0.000, 0.000,13.5,
00:02:32, 700,  0, 36,  0, 98, 63, 38,  0,111, 69,110, 751, 15,27, 0,    0, 1.587, 0.00,  3,N,N,N,N,Y,N,N,N,N,N,N,N,N,N,N,P/N, 0,128,128,140, 25,12.0,13.2, 0.0, 0.000, 0.3, 0.000, 0.000,13.2,
00:02:32, 712,  0, 36,  0, 98, 62, 39,  0,111, 69,110, 756, 16,27, 0,    0, 1.648, 0.00,  3,N,N,N,N,Y,N,N,N,N,N,N,N,N,N,N,P/N, 0,128,128,140, 25,12.0,13.4, 0.0, 0.000, 0.3, 0.000, 0.000,13.4,
00:02:32, 712,  0, 36,  0, 98, 62, 38,  0,111, 69,110, 751, 15,26, 0,    0, 1.617, 0.00,  3,N,N,N,N,Y,N,N,N,N,N,N,N,N,N,N,P/N, 0,128,128,140, 25,12.0,13.4, 0.0, 0.000, 0.0, 0.000, 0.000,13.4,
00:02:32, 687,  0, 36,  0, 98, 62, 38,  0,111, 69,110, 756, 15,28, 0,    0, 1.617, 0.00,  3,N,N,N,N,Y,N,N,N,N,N,N,N,N,N,N,P/N, 0,128,128,140, 25,12.0,13.4, 0.0, 0.000, 0.0, 0.000, 0.000,13.4,
00:02:32, 687,  0, 36,  0, 98, 62, 39,  0,111, 69,110, 747, 15,28, 0,    0, 1.648, 0.00,  3,N,N,N,N,Y,N,N,N,N,N,N,N,N,N,N,P/N, 0,128,128,140, 25,12.0,13.1, 0.0, 0.000, 0.0, 0.000, 0.000,13.1,
00:02:32, 700,  0, 36,  0, 98, 62, 39,  0,111, 69,110, 751, 15,27, 0,    0, 1.648, 0.00,  3,N,N,N,N,Y,N,N,N,N,N,N,N,N,N,N,P/N, 0,128,128,140, 25,12.0,13.3, 0.0, 0.000, 0.3, 0.000, 0.000,13.3,
00:02:32, 700,  0, 36,  0, 98, 62, 39,  0,111, 69,110, 756, 16,27, 0,    0, 1.678, 0.00,  3,N,N,N,N,Y,N,N,N,N,N,N,N,N,N,N,P/N, 0,128,128,140, 25,12.0,13.3, 0.0, 0.000, 0.0, 0.000, 0.000,13.3,
00:02:32, 700,  0, 36,  0, 98, 62, 39,  0,111, 69,110, 756, 16,27, 0,    0, 1.648, 0.00,  3,N,N,N,N,Y,N,N,N,N,N,N,N,N,N,N,P/N, 0,128,128,140, 25,12.0,13.3, 0.0, 0.000, 0.0, 0.000, 0.000,13.3,
00:02:32, 725,  0, 36,  0, 98, 62, 39,  0,111, 69,110, 751, 15,25, 0,    0, 1.648, 0.00,  3,N,N,N,N,Y,N,N,N,N,N,N,N,N,N,N,P/N, 0,128,128,140, 25,12.0,13.3, 0.0, 0.000, 0.0, 0.000, 0.000,13.3,
00:02:32, 700,  0, 36,  0, 98, 62, 39,  0,111, 71,110, 756, 16,27, 0,    0, 1.678, 0.00,  3,N,N,N,N,Y,N,N,N,N,N,N,N,N,N,N,P/N, 0,128,128,140, 25,12.0,13.3, 0.0, 0.000, 0.0, 0.000, 0.000,13.3,
00:02:32, 712,  0, 36,  0, 98, 62, 39,  0,111, 71,110, 751, 16,26, 0,    0, 1.556, 0.00,  3,N,N,N,N,Y,N,N,N,N,N,N,N,N,N,N,P/N, 0,128,128,140, 25,12.0,13.3, 0.0, 0.000, 0.0, 0.000, 0.000,13.3,
00:02:32, 712,  0, 36,  0, 98, 62, 37,  0,111, 69,110, 751, 14,26, 0,    0, 1.556, 0.00,  3,N,N,N,N,Y,N,N,N,N,N,N,N,N,N,N,P/N, 0,128,128,140, 25,12.0,13.3, 0.0, 0.000, 0.0, 0.000, 0.000,13.3,
00:02:33, 712,  0, 35,  0, 98, 63, 38,  0,111, 69,110, 756, 15,26, 0,    0, 1.587, 0.00,  3,N,N,N,N,Y,N,N,N,N,N,N,N,N,N,N,P/N, 0,128,128,140, 25,12.0,13.3, 0.0, 0.000, 0.0, 0.000, 0.000,13.3,
00:02:33, 700,  0, 36,  0, 98, 63, 38,  0,111, 69,110, 751, 16,27, 0,    0, 1.648, 0.00,  3,N,N,N,N,Y,N,N,N,N,N,N,N,N,N,N,P/N, 0,128,128,140, 25,12.0,13.2, 0.0, 0.000, 0.0, 0.000, 0.000,13.2,
00:02:33, 700,  0, 36,  0, 98, 62, 38,  0,111, 69,110, 751, 15,25, 0,    0, 1.617, 0.00,  3,N,N,N,N,Y,N,N,N,N,N,N,N,N,N,N,P/N, 0,128,128,140, 25,12.0,13.4, 0.0, 0.000, 0.0, 0.000, 0.000,13.4,
00:02:33, 700,  0, 36,  0, 98, 62, 38,  0,111, 69,110, 756, 15,27, 0,    0, 1.587, 0.00,  3,N,N,N,N,Y,N,N,N,N,N,N,N,N,N,N,P/N, 0,128,128,140, 25,12.0,13.4, 0.0, 0.000, 0.0, 0.000, 0.000,13.4,
00:02:33, 712,  0, 36,  0, 98, 63, 39,  0,111, 69,110, 751, 16,26, 0,    0, 1.617, 0.00,  3,N,N,N,N,Y,N,N,N,N,N,N,N,N,N,N,P/N, 0,128,128,140, 25,12.0,13.4, 0.0, 0.000, 0.0, 0.000, 0.000,13.4,
00:02:33, 712,  0, 36,  0, 98, 63, 39,  0,111, 69,110, 751, 15,26, 0,    0, 1.648, 0.00,  3,N,N,N,N,Y,N,N,N,N,N,N,N,N,N,N,P/N, 0,128,128,140, 25,12.0,13.3, 0.0, 0.000, 0.0, 0.000, 0.000,13.3,
00:02:33, 700,  0, 36,  0, 98, 62, 39,  0,111, 69,110, 751, 15,27, 0,    0, 1.648, 0.00,  3,N,N,N,N,Y,N,N,N,N,N,N,N,N,N,N,P/N, 0,128,128,140, 25,12.0,13.4, 0.0, 0.000, 0.3, 0.000, 0.000,13.4,
00:02:33, 725,  0, 36,  0, 98, 62, 38,  0,111, 69,110, 751, 15,25, 0,    0, 1.617, 0.00,  3,N,N,N,N,Y,N,N,N,N,N,N,N,N,N,N,P/N, 0,128,128,140, 24,12.0,13.4, 0.0, 0.000, 0.0, 0.000, 0.000,13.4,
00:02:33, 700,  0, 36,  0, 98, 62, 38,  0,111, 69,110, 751, 15,26, 0,    0, 1.587, 0.00,  3,N,N,N,N,Y,N,N,N,N,N,N,N,N,N,N,P/N, 0,128,128,140, 24,12.0,13.4, 0.0, 0.000, 0.0, 0.000, 0.000,13.4,
00:02:33, 687,  0, 36,  0, 98, 63, 38,  0,111, 69,110, 751, 15,28, 0,    0, 1.617, 0.00,  3,N,N,N,N,Y,N,N,N,N,N,N,N,N,N,N,P/N, 0,128,128,140, 24,12.0,13.4, 0.0, 0.000, 0.3, 0.000, 0.000,13.4,
00:02:33, 712,  0, 36,  0, 98, 63, 39,  0,111, 69,110, 751, 14,26, 0,    0, 1.648, 0.00,  3,N,N,N,N,Y,N,N,N,N,N,N,N,N,N,N,P/N, 0,128,128,140, 24,12.0,13.4, 0.0, 0.000, 0.0, 0.000, 0.000,13.4,
00:02:33, 712,  0, 36,  0, 98, 62, 38,  0,111, 69,110, 751, 15,28, 0,    0, 1.587, 0.00,  3,N,N,N,N,Y,N,N,N,N,N,N,N,N,N,N,P/N, 0,128,128,140, 24,12.0,13.4, 0.0, 0.000, 0.0, 0.000, 0.000,13.4,
00:02:33, 700,  0, 35,  0, 98, 63, 38,  0,111, 69,110, 756, 15,26, 0,    0, 1.587, 0.00,  3,N,N,N,N,Y,N,N,N,N,N,N,N,N,N,N,P/N, 0,128,128,140, 24,12.0,13.4, 0.0, 0.000, 0.0, 0.000, 0.000,13.4,
00:02:33, 725,  0, 35,  0, 98, 63, 37,  0,111, 69,110, 756, 16,25, 0,    0, 1.526, 0.00,  3,N,N,N,N,Y,N,N,N,N,N,N,N,N,N,N,P/N, 0,128,128,140, 24,12.0,13.3, 0.0, 0.000, 0.0, 0.000, 0.000,13.3,
00:02:33, 687,  0, 36,  0, 98, 63, 38,  0,111, 69,110, 756, 15,28, 0,    0, 1.617, 0.00,  3,N,N,N,N,Y,N,N,N,N,N,N,N,N,N,N,P/N, 0,128,128,140, 24,12.0,13.3, 0.0, 0.000, 0.0, 0.000, 0.000,13.3,
00:02:33, 700,  0, 36,  0, 98, 62, 39,  0,111, 69,110, 751, 15,27, 0,    0, 1.648, 0.00,  3,N,N,N,N,Y,N,N,N,N,N,N,N,N,N,N,P/N, 0,128,128,140, 24,12.0,13.3, 0.0, 0.000, 0.0, 0.000, 0.000,13.3,
00:02:33, 712,  0, 36,  0, 98, 62, 38,  0,111, 69,110, 756, 14,26, 0,    0, 1.587, 0.00,  3,N,N,N,N,Y,N,N,N,N,N,N,N,N,N,N,P/N, 0,128,128,140, 24,12.0,13.3, 0.0, 0.000, 0.0, 0.000, 0.000,13.3,
00:02:34, 700,  0, 35,  0, 98, 63, 38,  0,111, 69,110, 756, 15,27, 0,    0, 1.648, 0.00,  3,N,N,N,N,Y,N,N,N,N,N,N,N,N,N,N,P/N, 0,128,128,140, 24,12.0,13.3, 0.0, 0.000, 0.0, 0.000, 0.000,13.3,
00:02:34, 725,  0, 36,  0, 98, 63, 39,  0,111, 69,110, 756, 15,25, 0,    0, 1.648, 0.00,  3,N,N,N,N,Y,N,N,N,N,N,N,N,N,N,N,P/N, 0,128,128,140, 24,12.0,13.3, 0.0, 0.000, 0.3, 0.000, 0.000,13.3,
00:02:34, 700,  0, 36,  0, 98, 62, 39,  0,111, 69,110, 756, 15,27, 0,    0, 1.648, 0.00,  3,N,N,N,N,Y,N,N,N,N,N,N,N,N,N,N,P/N, 0,128,128,140, 24,12.0,13.3, 0.0, 0.000, 0.3, 0.000, 0.000,13.3,
00:02:34, 700,  0, 36,  0, 98, 62, 38,  0,111, 69,110, 756, 15,27, 0,    0, 1.587, 0.00,  3,N,N,N,N,Y,N,N,N,N,N,N,N,N,N,N,P/N, 0,128,128,140, 24,12.0,13.3, 0.0, 0.000, 0.3, 0.000, 0.000,13.3,
00:02:34, 700,  0, 36,  0, 98, 62, 38,  0,111, 69,110, 756, 15,26, 0,    0, 1.587, 0.00,  3,N,N,N,N,Y,N,N,N,N,N,N,N,N,N,N,P/N, 0,128,128,140, 24,12.0,13.2, 0.0, 0.000, 0.3, 0.000, 0.000,13.2,
00:02:34, 725,  0, 36,  0, 98, 63, 38,  0,111, 69,110, 756, 15,25, 0,    0, 1.617, 0.00,  3,N,N,N,N,Y,N,N,N,N,N,N,N,N,N,N,P/N, 0,128,128,140, 24,12.0,13.0, 0.0, 0.000, 0.3, 0.000, 0.000,13.0,
00:02:34, 712,  0, 36,  0, 98, 62, 38,  0,111, 69,110, 756, 14,26, 0,    0, 1.617, 0.00,  3,N,N,N,N,Y,N,N,N,N,N,N,N,N,N,N,P/N, 0,128,128,140, 24,12.0,13.2, 0.0, 0.000, 0.3, 0.000, 0.000,13.2,
00:02:34, 700,  0, 36,  0, 98, 62, 37,  0,111, 69,110, 756, 15,27, 0,    0, 1.526, 0.00,  3,N,N,N,N,Y,N,N,N,N,N,N,N,N,N,N,P/N, 0,128,128,140, 24,12.0,13.2, 0.0, 0.000, 0.3, 0.000, 0.000,13.2,
00:02:34, 712,  0, 35,  0, 98, 63, 38,  0,111, 69,110, 756, 15,26, 0,    0, 1.587, 0.00,  3,N,N,N,N,Y,N,N,N,N,N,N,N,N,N,N,P/N, 0,128,128,140, 24,12.0,13.2, 0.0, 0.000, 0.0, 0.000, 0.000,13.2,
00:02:34, 687,  0, 36,  0, 98, 62, 38,  0,111, 69,110, 756, 15,28, 0,    0, 1.587, 0.00,  3,N,N,N,N,Y,N,N,N,N,N,N,N,N,N,N,P/N, 0,128,128,140, 24,12.0,13.2, 0.0, 0.000, 0.3, 0.000, 0.000,13.2,
00:02:34, 700,  0, 36,  0, 98, 62, 39,  0,111, 69,110, 756, 16,27, 0,    0, 1.648, 0.00,  3,N,N,N,N,Y,N,N,N,N,N,N,N,N,N,N,P/N, 0,128,128,140, 24,12.0,13.2, 0.0, 0.000, 0.3, 0.000, 0.000,13.2,
00:02:34, 700,  0, 36,  0, 98, 62, 39,  0,111, 71,110, 756, 15,27, 0,    0, 1.648, 0.00,  3,N,N,N,N,Y,N,N,N,N,N,N,N,N,N,N,P/N, 0,128,128,140, 24,12.0,13.2, 0.0, 0.000, 0.0, 0.000, 0.000,13.2,
00:02:34, 675,  0, 36,  0, 98, 62, 38,  0,111, 71,110, 747, 14,28, 0,    0, 1.587, 0.00,  3,N,N,N,N,Y,N,N,N,N,N,N,N,N,N,N,P/N, 0,128,128,140, 24,12.0,13.2, 0.0, 0.000, 0.3, 0.000, 0.000,13.2,
00:02:34, 687,  0, 36,  0, 98, 63, 39,  0,111, 69,110, 756, 15,28, 0,    0, 1.648, 0.00,  3,N,N,N,N,Y,N,N,N,N,N,N,N,N,N,N,P/N, 0,128,128,140, 24,12.0,13.3, 0.0, 0.000, 0.0, 0.000, 0.000,13.3,
00:02:34, 687,  0, 36,  0, 98, 62, 38,  0,111, 69,110, 751, 15,28, 0,    0, 1.648, 0.00,  3,N,N,N,N,Y,N,N,N,N,N,N,N,N,N,N,P/N, 0,128,128,140, 24,12.0,13.3, 0.0, 0.000, 0.0, 0.000, 0.000,13.3,
00:02:34, 687,  0, 37,  0, 98, 62, 38,  0,111, 69,110, 756, 14,28, 0,    0, 1.587, 0.00,  3,N,N,N,N,Y,N,N,N,N,N,N,N,N,N,N,P/N, 0,128,128,140, 24,12.0,13.3, 0.0, 0.000, 0.0, 0.000, 0.000,13.3,
00:02:34, 700,  0, 36,  0, 98, 62, 38,  0,111, 69,110, 747, 15,27, 0,    0, 1.648, 0.00,  3,N,N,N,N,Y,N,N,N,N,N,N,N,N,N,N,P/N, 0,128,128,140, 24,12.0,13.3, 0.0, 0.000, 0.0, 0.000, 0.000,13.3,
00:02:35, 687,  0, 36,  0, 98, 62, 39,  0,111, 69,110, 751, 15,28, 0,    0, 1.648, 0.00,  3,N,N,N,N,Y,N,N,N,N,N,N,N,N,N,N,P/N, 0,128,128,140, 24,12.0,13.3, 0.0, 0.000, 0.0, 0.000, 0.000,13.3,
00:02:35, 662,  0, 37,  0, 98, 62, 38,  0,111, 69,110, 751, 15,29, 0,    0, 1.648, 0.00,  3,N,N,N,N,Y,N,N,N,N,N,N,N,N,N,N,P/N, 0,128,128,140, 24,12.0,13.4, 0.0, 0.000, 0.0, 0.000, 0.000,13.4,
00:02:35, 700,  0, 36,  0, 98, 63, 39,  0,111, 69,110, 751, 16,27, 0,    0, 1.678, 0.00,  3,N,N,N,N,Y,N,N,N,N,N,N,N,N,N,N,P/N, 0,128,128,140, 24,12.0,13.4, 0.0, 0.000, 0.0, 0.000, 0.000,13.4,
00:02:35, 700,  0, 36,  0, 98, 62, 38,  0,111, 69,110, 751, 15,27, 0,    0, 1.648, 0.00,  3,N,N,N,N,Y,N,N,N,N,N,N,N,N,N,N,P/N, 0,128,128,140, 24,12.0,13.4, 0.0, 0.000, 0.3, 0.000, 0.000,13.4,
00:02:35, 700,  0, 36,  0, 98, 62, 39,  0,111, 69,110, 756, 15,27, 0,    0, 1.648, 0.00,  3,N,N,N,N,Y,N,N,N,N,N,N,N,N,N,N,P/N, 0,128,128,140, 24,12.0,13.5, 0.0, 0.000, 0.3, 0.000, 0.000,13.5,
00:02:35, 725,  0, 36,  0, 98, 62, 39,  0,111, 69,110, 751, 15,25, 0,    0, 1.617, 0.00,  3,N,N,N,N,Y,N,N,N,N,N,N,N,N,N,N,P/N, 0,128,128,140, 24,12.0,13.5, 0.0, 0.000, 0.0, 0.000, 0.000,13.5,
00:02:35, 712,  0, 36,  0, 98, 62, 38,  0,111, 69,110, 751, 15,28, 0,    0, 1.587, 0.00,  3,N,N,N,N,Y,N,N,N,N,N,N,N,N,N,N,P/N, 0,128,128,140, 24,12.0,13.5, 0.0, 0.000, 0.0, 0.000, 0.000,13.5,
00:02:35, 700,  0, 36,  0, 98, 63, 38,  0,111, 69,110, 756, 15,27, 0,    0, 1.587, 0.00,  3,N,N,N,N,Y,N,N,N,N,N,N,N,N,N,N,P/N, 0,128,128,140, 24,12.0,13.0, 0.0, 0.000, 0.0, 0.000, 0.000,13.0,
00:02:35, 725,  0, 36,  0, 98, 63, 38,  0,111, 69,110, 751, 15,25, 0,    0, 1.556, 0.00,  3,N,N,N,N,Y,N,N,N,N,N,N,N,N,N,N,P/N, 0,128,128,140, 24,12.0,13.4, 0.0, 0.000, 0.0, 0.000, 0.000,13.4,
00:02:35, 700,  0, 36,  0, 98, 62, 37,  0,111, 69,110, 751, 15,28, 0,    0, 1.526, 0.00,  3,N,N,N,N,Y,N,N,N,N,N,N,N,N,N,N,P/N, 0,128,128,140, 24,12.0,13.4, 0.0, 0.000, 0.0, 0.000, 0.000,13.4,
00:02:35, 700,  0, 35,  0, 98, 63, 37,  0,111, 69,110, 756, 14,27, 0,    0, 1.556, 0.00,  3,N,N,N,N,Y,N,N,N,N,N,N,N,N,N,N,P/N, 0,128,128,140, 24,12.0,13.4, 0.0, 0.000, 0.0, 0.000, 0.000,13.4,
00:02:35, 712,  0, 36,  0, 98, 63, 37,  0,111, 69,110, 756, 16,26, 0,    0, 1.526, 0.00,  3,N,N,N,N,Y,N,N,N,N,N,N,N,N,N,N,P/N, 0,128,128,140, 24,12.0,13.4, 0.0, 0.000, 0.0, 0.000, 0.000,13.4,
00:02:35, 712,  0, 36,  0, 98, 63, 38,  0,111, 69,110, 756, 15,26, 0,    0, 1.587, 0.00,  3,N,N,N,N,Y,N,N,N,N,N,N,N,N,N,N,P/N, 0,128,128,140, 24,12.0,13.3, 0.0, 0.000, 0.0, 0.000, 0.000,13.3,
00:02:35, 700,  0, 36,  0, 98, 62, 39,  0,111, 69,110, 756, 16,27, 0,    0, 1.617, 0.00,  3,N,N,N,N,Y,N,N,N,N,N,N,N,N,N,N,P/N, 0,128,128,140, 24,12.0,13.3, 0.0, 0.000, 0.0, 0.000, 0.000,13.3,
00:02:35, 712,  0, 35,  0, 98, 63, 38,  0,111, 69,110, 756, 15,26, 0,    0, 1.587, 0.00,  3,N,N,N,N,Y,N,N,N,N,N,N,N,N,N,N,P/N, 0,128,128,140, 24,12.0,13.3, 0.0, 0.000, 0.0, 0.000, 0.000,13.3,
00:02:35, 700,  0, 35,  0, 98, 63, 38,  0,111, 69,110, 756, 15,27, 0,    0, 1.617, 0.00,  3,N,N,N,N,Y,N,N,N,N,N,N,N,N,N,N,P/N, 0,128,128,140, 24,12.0,13.3, 0.0, 0.000, 0.0, 0.000, 0.000,13.3,
00:02:35, 712,  0, 36,  0, 98, 63, 39,  0,111, 71,110, 756, 16,26, 0,    0, 1.648, 0.00,  3,N,N,N,N,Y,N,N,N,N,N,N,N,N,N,N,P/N, 0,128,128,140, 24,12.0,13.2, 0.0, 0.000, 0.3, 0.000, 0.000,13.2,
00:02:36, 700,  0, 36,  0, 98, 62, 38,  0,111, 71,110, 756, 15,27, 0,    0, 1.617, 0.00,  3,N,N,N,N,Y,N,N,N,N,N,N,N,N,N,N,P/N, 0,128,128,140, 24,12.0,13.2, 0.0, 0.000, 0.3, 0.000, 0.000,13.2,
00:02:36, 675,  0, 36,  0, 98, 62, 38,  0,111, 69,110, 756, 14,28, 0,    0, 1.587, 0.00,  3,N,N,N,N,Y,N,N,N,N,N,N,N,N,N,N,P/N, 0,128,128,140, 24,12.0,13.2, 0.0, 0.000, 0.6, 0.000, 0.000,13.2,
00:02:36, 675,  0, 36,  0, 98, 62, 38,  0,111, 69,110, 756, 15,28, 0,    0, 1.648, 0.00,  3,N,N,N,N,Y,N,N,N,N,N,N,N,N,N,N,P/N, 0,128,128,140, 24,12.0,13.1, 0.0, 0.000, 0.9, 0.000, 0.000,13.1,
00:02:36, 687,  0, 37,  0, 98, 62, 39,  0,111, 69,110, 751, 15,28, 0,    0, 1.648, 0.00,  3,N,N,N,N,Y,N,N,N,N,N,N,N,N,N,N,P/N, 0,128,128,140, 24,12.0,13.2, 0.0, 0.000, 0.9, 0.000, 0.000,13.2,
00:02:36, 675,  0, 37,  0, 98, 62, 39,  0,111, 69,110, 751, 15,28, 0,    0, 1.648, 0.00,  3,N,N,N,N,Y,N,N,N,N,N,N,N,N,N,N,P/N, 0,128,128,140, 24,12.0,13.3, 0.0, 0.000, 0.9, 0.000, 0.000,13.3,
00:02:36, 700,  0, 36,  0, 98, 62, 39,  0,111, 69,110, 756, 15,27, 0,    0, 1.648, 0.00,  3,N,N,N,N,Y,N,N,N,N,N,N,N,N,N,N,P/N, 0,128,128,140, 24,12.0,13.3, 0.0, 0.000, 0.6, 0.000, 0.000,13.3,
00:02:36, 700,  0, 37,  0, 98, 62, 39,  0,111, 69,110, 751, 15,27, 0,    0, 1.648, 0.00,  3,N,N,N,N,Y,N,N,N,N,N,N,N,N,N,N,P/N, 0,128,128,140, 24,12.0,13.3, 0.0, 0.000, 0.6, 0.000, 0.000,13.3,
00:02:36, 675,  0, 37,  0, 98, 62, 39,  0,111, 69,110, 756, 15,28, 0,    0, 1.648, 0.00,  3,N,N,N,N,Y,N,N,N,N,N,N,N,N,N,N,P/N, 0,128,128,140, 24,12.0,13.4, 0.0, 0.000, 0.6, 0.000, 0.000,13.4,
00:02:36, 675,  0, 37,  0, 98, 62, 39,  0,111, 71,110, 751, 15,28, 0,    0, 1.648, 0.00,  3,N,N,N,N,Y,N,N,N,N,N,N,N,N,N,N,P/N, 0,128,128,140, 24,12.0,13.4, 0.0, 0.000, 0.9, 0.000, 0.000,13.4,
00:02:36, 700,  0, 36,  0, 98, 62, 39,  0,111, 69,110, 751, 15,27, 0,    0, 1.678, 0.00,  3,N,N,N,N,Y,N,N,N,N,N,N,N,N,N,N,P/N, 0,128,128,140, 24,12.0,13.4, 0.0, 0.000, 0.6, 0.000, 0.000,13.4,
00:02:36, 675,  0, 36,  0, 98, 62, 39,  0,111, 69,110, 751, 16,28, 0,    0, 1.648, 0.00,  3,N,N,N,N,Y,N,N,N,N,N,N,N,N,N,N,P/N, 0,128,128,140, 24,12.0,13.4, 0.0, 0.000, 0.3, 0.000, 0.000,13.4,
00:02:36, 700,  0, 36,  0, 98, 62, 38,  0,111, 69,110, 751, 15,26, 0,    0, 1.587, 0.00,  3,N,N,N,N,Y,N,N,N,N,N,N,N,N,N,N,P/N, 0,128,128,140, 24,12.0,13.5, 0.0, 0.000, 0.3, 0.000, 0.000,13.5,
00:02:36, 700,  0, 36,  0, 98, 63, 39,  0,111, 69,110, 751, 15,27, 0,    0, 1.648, 0.00,  3,N,N,N,N,Y,N,N,N,N,N,N,N,N,N,N,P/N, 0,128,128,140, 24,12.0,13.5, 0.0, 0.000, 0.3, 0.000, 0.000,13.5,
00:02:36, 687,  0, 36,  0, 98, 62, 38,  0,111, 71,110, 751, 15,28, 0,    0, 1.617, 0.00,  3,N,N,N,N,Y,N,N,N,N,N,N,N,N,N,N,P/N, 0,128,128,140, 24,12.0,13.5, 0.0, 0.000, 0.3, 0.000, 0.000,13.5,
00:02:36, 687,  0, 36,  0, 98, 62, 38,  0,113, 71,110, 747, 14,27, 0,    0, 1.587, 0.00,  3,N,N,N,N,Y,N,N,N,N,N,N,N,N,N,N,P/N, 0,128,128,140, 24,12.0,13.5, 0.0, 0.000, 0.3, 0.000, 0.000,13.5,
00:02:36, 675,  0, 36,  0, 98, 63, 38,  0,113, 69,111, 747, 15,28, 0,    0, 1.587, 0.00,  3,N,N,N,N,Y,N,N,N,N,N,N,N,N,N,N,P/N, 0,128,128,140, 24,12.0,13.5, 0.0, 0.000, 0.0, 0.000, 0.000,13.5,
00:02:36, 687,  0, 36,  0, 98, 62, 39,  0,113, 69,111, 751, 15,28, 0,    0, 1.648, 0.00,  3,N,N,N,N,Y,N,N,N,N,N,N,N,N,N,N,P/N, 0,128,128,140, 24,12.0,13.2, 0.0, 0.000, 0.0, 0.000, 0.000,13.2,
00:02:37, 700,  0, 36,  0, 98, 62, 39,  0,113, 69,111, 751, 16,27, 0,    0, 1.648, 0.00,  3,N,N,N,N,Y,N,N,N,N,N,N,N,N,N,N,P/N, 0,128,128,140, 24,12.0,13.5, 0.0, 0.000, 0.0, 0.000, 0.000,13.5,
00:02:37, 700,  0, 36,  0, 98, 62, 38,  0,113, 71,111, 747, 15,27, 0,    0, 1.617, 0.00,  3,N,N,N,N,Y,N,N,N,N,N,N,N,N,N,N,P/N, 0,128,128,140, 24,12.0,13.5, 0.0, 0.000, 0.0, 0.000, 0.000,13.5,
00:02:37, 700,  0, 36,  0, 98, 62, 38,  0,113, 71,111, 751, 14,27, 0,    0, 1.587, 0.00,  3,N,N,N,N,Y,N,N,N,N,N,N,N,N,N,N,P/N, 0,128,128,140, 24,12.0,13.6, 0.0, 0.000, 0.0, 0.000, 0.000,13.6,
00:02:37, 712,  0, 36,  0, 98, 63, 38,  0,113, 69,111, 743, 15,26, 0,    0, 1.617, 0.00,  3,N,N,N,N,Y,N,N,N,N,N,N,N,N,N,N,P/N, 0,128,128,140, 24,12.0,13.4, 0.0, 0.000, 0.0, 0.000, 0.000,13.4,
00:02:37, 700,  0, 36,  0, 98, 62, 38,  0,113, 69,111, 747, 15,27, 0,    0, 1.617, 0.00,  3,N,N,N,N,Y,N,N,N,N,N,N,N,N,N,N,P/N, 0,128,128,140, 24,12.0,13.5, 0.0, 0.000, 0.0, 0.000, 0.000,13.5,
00:02:37, 712,  0, 36,  0, 98, 62, 39,  0,113, 69,111, 756, 15,26, 0,    0, 1.648, 0.00,  3,N,N,N,N,Y,N,N,N,N,N,N,N,N,N,N,P/N, 0,128,128,140, 24,12.0,13.5, 0.0, 0.000, 0.0, 0.000, 0.000,13.5,
00:02:37, 725,  0, 36,  0, 98, 63, 39,  0,113, 69,111, 751, 16,27, 0,    0, 1.648, 0.00,  3,N,N,N,N,Y,N,N,N,N,N,N,N,N,N,N,P/N, 0,128,128,140, 24,12.0,13.5, 0.0, 0.000, 0.0, 0.000, 0.000,13.5,
00:02:37, 687,  0, 36,  0, 98, 62, 38,  0,113, 69,111, 756, 15,28, 0,    0, 2.197, 0.00,  5,N,N,N,N,Y,N,N,N,N,N,N,N,N,N,N,P/N, 0,128,128,140, 31,12.0,13.5, 0.0, 0.000, 0.3, 0.000, 0.549,13.5,
00:02:37, 687,  0, 37,  0, 98, 62, 39,  0,113, 69,111, 756, 15,23, 0,    0, 2.258, 0.00,  5,N,N,N,N,Y,N,N,N,N,N,N,N,N,N,N,  D, 0,128,128,140, 36,12.0,13.4, 0.0, 0.000, 0.6, 0.000, 0.000,13.4,
00:02:37, 687,  0, 38,  0, 98, 60, 41,  0,113, 69,111, 756, 16,23, 0,    0, 1.709, 0.00,  3,N,N,N,N,Y,N,N,N,N,N,N,N,N,N,N,P/N, 0,128,128,140, 27,12.0,13.4, 0.0, 0.000, 1.9, 0.000, 0.000,13.4,
00:02:37, 687,  0, 37,  0, 98, 61, 41,  0,113, 69,111, 756, 16,24, 0,    0, 2.319, 0.00,  5,N,N,N,N,Y,N,N,N,N,N,N,N,N,N,N,  D, 0,128,128,140, 35,12.0,13.2, 0.0, 0.000, 1.6, 0.000, 0.549,13.2,
00:02:37, 687,  0, 38,  0, 98, 60, 42,  0,113, 71,111, 756, 17,24, 0,    0, 1.831, 0.00,  4,N,N,N,N,Y,N,N,N,N,N,N,N,N,N,N,  D, 0,128,128,140, 36,12.0,13.3, 0.0, 0.000, 1.9, 0.000, 0.000,13.3,
00:02:37, 725,  0, 38,  0, 98, 60, 43,  0,113, 71,111, 756, 17,23, 0,    0, 1.831, 0.00,  4,N,N,N,N,Y,N,N,N,N,N,N,N,N,N,N,  D, 0,128,128,140, 36,12.0,13.3, 0.0, 0.000, 1.9, 0.000, 0.000,13.3,
00:02:37, 712,  0, 38,  0, 98, 60, 42,  0,113, 69,111, 756, 18,24, 0,    0, 1.801, 0.00,  4,N,N,N,N,Y,N,N,N,N,N,N,N,N,N,N,  D, 0,128,128,140, 36,12.0,13.3, 0.0, 0.000, 1.6, 0.000, 0.000,13.3,
00:02:37, 737,  0, 38,  0, 98, 60, 42,  0,113, 69,111, 760, 17,24, 0,    0, 1.801, 0.00,  4,N,N,N,N,Y,N,N,N,N,N,N,N,N,N,N,  D, 0,128,128,140, 35,12.0,13.3, 0.0, 0.000, 1.3, 0.000, 0.000,13.3,
00:02:37, 762,  0, 38,  0, 98, 60, 43,  0,113, 69,111, 756, 18,24, 0,    0, 1.862, 0.00,  4,N,N,N,N,Y,N,N,N,N,N,N,N,N,N,N,  D, 0,128,128,140, 35,12.0,13.2, 0.0, 0.000, 0.9, 0.000, 0.000,13.2,
00:02:37, 775,  0, 38,  0, 98, 60, 42,  0,113, 69,110, 760, 19,24, 0,    0, 1.801, 0.00,  4,N,N,N,N,Y,N,N,N,N,N,N,N,N,N,N,  D, 0,128,128,140, 35,12.0,13.2, 0.0, 0.000, 0.9, 0.000, 0.000,13.2,
00:02:38, 775,  0, 37,  0, 98, 61, 41,  0,113, 69,110, 756, 19,24, 0,    0, 1.740, 0.00,  4,N,N,N,N,Y,N,N,N,N,N,N,N,N,N,N,  D, 0,128,128,140, 35,12.0,13.2, 0.0, 0.000, 0.3, 0.000, 0.000,13.2,
00:02:38, 787,  0, 37,  0, 98, 62, 42,  0,113, 71,110, 760, 18,24, 0,    0, 1.770, 0.00,  4,N,N,N,N,Y,N,N,N,N,N,N,N,N,N,N,  D, 0,128,128,140, 35,12.0,13.2, 0.0, 0.000, 0.0, 0.000, 0.000,13.2,
00:02:38, 750,  0, 37,  0, 98, 61, 42,  0,113, 71,110, 760, 18,24, 0,    0, 1.801, 0.00,  4,N,N,N,N,Y,N,N,N,N,N,N,N,N,N,N,  D, 0,128,128,140, 35,12.0,13.2, 0.0, 0.000, 0.3, 0.000, 0.000,13.2,
00:02:38, 700,  0, 38,  0, 98, 60, 43,  1,113, 71,111, 760, 17,24, 0,    0, 1.892, 0.00,  4,N,N,N,N,Y,N,N,N,N,N,N,N,N,N,N,  D, 0,128,128,140, 35,12.0,12.8, 0.8, 0.000, 1.3, 0.000, 0.000,12.8,
00:02:38, 650,  0, 40,  0, 98, 58, 44,  0,113, 71,111, 760, 16,24, 0,    0, 1.984, 0.00,  4,N,N,N,N,Y,N,N,N,N,N,N,N,N,N,N,  D, 0,128,128,140, 34,12.0,13.1, 0.0, 0.000, 3.1, 0.000, 0.000,13.1,
00:02:38, 637,  0, 41,  0, 98, 57, 43,  0,113, 69,111, 765, 16,26, 0,    0, 2.014, 0.00,  4,N,N,N,N,Y,N,N,N,N,N,N,N,N,N,N,  D, 0,128,128,140, 34,12.0,12.8, 0.0, 0.000, 3.4, 0.000, 0.183,12.8,
00:02:38, 637,  0, 43,  0, 98, 56, 43,  2,113, 69,111, 765, 16,26, 0,    0, 2.258, 0.00,  4,N,N,Y,N,Y,N,N,N,N,N,N,N,N,N,N,  D, 0,128,128,140, 35,12.0,12.9, 1.6, 0.000, 4.7, 0.031, 0.824,12.9,
00:02:38, 587,  0, 45,  0, 98, 53, 44,  2,113, 69,111, 765, 15,27, 0,    0, 2.502, 0.00,  4,N,N,Y,N,Y,N,N,N,N,N,N,N,N,N,N,  D, 0,128,128,140, 35,12.0,12.9, 1.6, 0.000, 7.2, 0.046, 0.275,12.9,
00:02:38, 600,  0, 48,  0, 98, 50, 45,  3,113, 69,111, 765, 16,27, 0,    0, 3.235, 0.00,  6,N,N,Y,N,N,N,N,N,N,N,N,N,N,N,N,  D, 1,128,128,140, 39,12.0,12.8, 2.0, 0.000, 9.1, 0.046, 0.275,12.8,
00:02:38, 625,  0, 50,  0, 98, 48, 46,  3,113, 69,111, 756, 17,32, 0,    0, 2.899, 0.00,  6,N,N,Y,N,N,N,N,N,N,N,N,N,N,N,N,  D, 1,128,128,140, 39,12.1,12.8, 1.6, 0.000,10.9, 0.061, 0.275,12.8,
00:02:38, 675,  0, 50,  0, 98, 48, 45,  3,113, 71,111, 765, 18,32, 0,    0, 2.777, 0.00,  6,N,N,Y,N,N,N,N,N,N,N,N,N,N,N,N,  D, 1,128,128,140, 39,12.1,12.8, 1.2, 0.000, 9.7, 0.046, 0.366,12.8,
00:02:38, 700,  0, 50,  0, 98, 49, 46,  3,113, 69,111, 760, 19,32, 0,    0, 2.777, 0.00,  6,N,N,Y,N,N,N,N,N,N,N,N,N,N,N,N,  D, 1,128,128,140, 39,12.1,12.9, 0.8, 0.000, 9.1, 0.046, 0.366,12.9,
00:02:38, 750,  0, 49,  0, 98, 49, 45,  4,113, 69,111, 760, 19,32, 0,    0, 3.174, 0.00,  7,N,N,Y,N,N,N,N,N,N,N,N,N,N,N,N,  D, 1,128,128,140, 41,12.0,13.0, 1.2, 0.000, 7.8, 0.031, 0.183,13.0,
00:02:38, 762,  0, 48,  0, 98, 50, 46,  4,113, 69,110, 760, 20,32, 0,    0, 2.533, 0.00,  6,N,N,Y,N,N,N,N,N,N,N,N,N,N,N,N,  D, 1,128,128,140, 41,12.0,13.1, 0.8, 0.000, 6.3, 0.031, 0.183,13.1,
00:02:38, 762,  0, 47,  0, 98, 51, 46,  4,113, 69,110, 751, 21,32, 0,    0, 2.533, 0.00,  6,N,N,Y,N,N,N,N,N,N,N,N,N,N,N,N,  D, 1,128,128,140, 41,12.0,13.2, 0.8, 0.000, 5.0, 0.031, 0.000,13.2,
00:02:38, 787,  0, 47,  0, 98, 51, 45,  4,113, 71,110, 756, 21,32, 0,    0, 2.258, 0.00,  5,N,N,N,N,N,N,N,N,N,N,N,N,N,N,N,  D, 1,128,128,140, 41,12.0,13.3, 0.4, 0.000, 4.4, 0.000, 0.000,13.3,
00:02:38, 800,  0, 47,  0, 98, 51, 45,  4,113, 69,110, 756, 21,32, 0,    0, 2.319, 0.00,  6,N,N,N,N,N,N,N,N,N,N,N,N,N,N,N,  D, 1,128,128,140, 41,12.0,13.3, 0.4, 0.000, 3.8, 0.000, 0.000,13.3,
00:02:39, 787,  0, 47,  0, 98, 51, 45,  4,113, 69,110, 760, 20,32, 0,    0, 2.289, 0.00,  6,N,N,N,N,N,N,N,N,N,N,N,N,N,N,N,  D, 1,128,128,140, 41,12.0,13.3, 0.4, 0.000, 3.8, 0.000, 0.000,13.3,
00:02:39, 787,  0, 47,  0, 98, 51, 45,  4,113, 69,110, 760, 20,32, 0,    0, 2.289, 0.00,  6,N,N,N,N,N,N,N,N,N,N,N,N,N,N,N,  D, 1,128,128,140, 41,12.0,13.2, 0.4, 0.000, 3.4, 0.000, 0.000,13.2,
00:02:39, 775,  0, 47,  0, 98, 51, 45,  4,113, 69,110, 765, 20,32, 0,    0, 2.319, 0.00,  5,N,N,N,N,N,N,N,N,N,N,N,N,N,N,N,  D, 1,128,128,140, 41,12.0,13.0, 0.4, 0.000, 3.1, 0.000, 0.000,13.0,
00:02:39, 787,  0, 47,  0, 98, 51, 45,  4,113, 69,110, 765, 20,32, 0,    0, 2.930, 0.00,  7,N,N,N,N,N,N,N,N,N,N,N,N,N,N,N,  D, 1,128,128,140, 44,12.0,12.6, 1.2, 0.000, 2.8, 0.000, 0.000,12.6,
00:02:39, 762,  0, 47,  0, 98, 51, 46,  4,113, 69,110, 769, 20,32, 0,    0, 2.350, 0.00,  5,N,N,N,N,N,N,N,N,N,N,N,N,N,N,N,  D, 1,128,128,140, 44,12.0,12.8, 0.8, 0.000, 3.1, 0.000, 0.000,12.8,
00:02:39, 787,  0, 48,  0, 98, 50, 46,  4,113, 71,110, 765, 21,32, 0,    0, 2.350, 0.00,  6,N,N,N,N,N,N,N,N,N,N,N,N,N,N,N,  D, 1,128,128,140, 44,12.0,12.8, 0.8, 0.000, 3.8, 0.000, 0.000,12.8,
00:02:39, 800,  0, 48,  0, 98, 50, 46,  4,113, 69,110, 769, 21,32, 0,    0, 2.350, 0.00,  6,N,N,N,N,N,N,N,N,N,N,N,N,N,N,N,  D, 1,128,128,140, 44,12.0,12.7, 0.4, 0.000, 3.8, 0.000, 0.000,12.7,
00:02:39, 787,  0, 48,  0, 98, 50, 46,  4,113, 69,110, 765, 21,32, 0,    0, 2.350, 0.00,  6,N,N,N,N,N,N,N,N,N,N,N,N,N,N,N,  D, 1,128,128,140, 44,12.0,12.7, 0.4, 0.000, 3.1, 0.000, 0.000,12.7,
00:02:39, 800,  0, 49,  0, 98, 49, 46,  4,113, 69,110, 765, 22,32, 0,    0, 2.380, 0.00,  6,N,N,N,N,N,N,N,N,N,N,N,N,N,N,N,  D, 1,128,128,140, 46,12.0,12.9, 0.4, 0.000, 3.1, 0.000, 0.000,12.9,
00:02:39, 812,  0, 48,  0, 98, 50, 46,  5,113, 69,110, 765, 22,32, 0,    0, 2.411, 0.00,  6,N,N,N,N,N,N,N,N,N,N,N,N,N,N,N,  D, 1,128,128,140, 46,12.0,12.8, 0.8, 0.000, 3.1, 0.000, 0.000,12.8,
00:02:39, 812,  0, 48,  0, 98, 50, 46,  4,113, 69,110, 760, 22,32, 0,    0, 2.380, 0.00,  6,N,N,N,N,N,N,N,N,N,N,N,N,N,N,N,  D, 1,128,128,140, 46,12.0,12.9, 0.0, 0.000, 2.8, 0.000, 0.000,12.9,
00:02:39, 825,  0, 48,  0, 98, 51, 47,  5,113, 69,110, 760, 22,32, 0,    0, 2.380, 0.00,  6,N,N,N,N,N,N,N,N,N,N,N,N,N,N,N,  D, 1,128,128,140, 46,12.1,13.0, 0.4, 0.000, 2.5, 0.000, 0.000,13.0,
00:02:39, 837,  0, 48,  0, 98, 50, 46,  5,113, 69,110, 756, 23,33, 0,    0, 2.350, 0.00,  6,N,N,N,N,N,N,N,N,N,N,N,N,N,N,N,  D, 1,128,128,140, 46,12.1,13.1, 0.4, 0.000, 1.3, 0.000, 0.000,13.1,
00:02:39, 837,  0, 48,  0, 98, 51, 47,  5,113, 69,110, 756, 23,32, 0,    0, 2.380, 0.00,  6,N,N,N,N,N,N,N,N,N,N,N,N,N,N,N,  D, 1,128,128,140, 46,12.1,13.2, 0.4, 0.000, 1.3, 0.000, 0.000,13.2,
00:02:39, 837,  0, 47,  0, 98, 51, 46,  5,113, 69,110, 751, 22,33, 0,    0, 2.319, 0.00,  6,N,N,N,N,N,N,N,N,N,N,N,N,N,N,N,  D, 1,128,128,140, 46,12.1,13.3, 0.4, 0.000, 1.3, 0.000, 0.000,13.3,
00:02:39, 862,  0, 48,  0, 98, 51, 46,  5,113, 69,110, 747, 23,33, 0,    0, 2.350, 0.00,  6,N,N,N,N,N,N,N,N,N,N,N,N,N,N,N,  D, 1,128,128,140, 46,12.0,13.4, 0.4, 0.000, 0.6, 0.000, 0.000,13.4,
00:02:39, 837,  0, 47,  0, 98, 51, 46,  5,113, 69,110, 751, 23,33, 0,    0, 2.319, 0.00,  6,N,N,N,N,N,N,N,N,N,N,N,N,N,N,N,  D, 1,128,128,140, 46,12.1,13.5, 0.4, 0.000, 0.9, 0.000, 0.000,13.5,
00:02:40, 850,  0, 47,  0, 98, 52, 46,  5,113, 69,110, 751, 22,33, 0,    0, 2.319, 0.00,  6,N,N,N,N,N,N,N,N,N,N,N,N,N,N,N,  D, 1,128,128,140, 46,12.1,13.5, 0.4, 0.000, 0.9, 0.000, 0.000,13.5,
00:02:40, 850,  0, 47,  0, 98, 51, 46,  5,113, 69,110, 747, 23,33, 0,    0, 2.350, 0.00,  6,N,N,N,N,N,N,N,N,N,N,N,N,N,N,N,  D, 1,128,128,140, 46,12.1,13.5, 0.4, 0.000, 0.3, 0.000, 0.000,13.5,
00:02:40, 850,  0, 47,  0, 98, 51, 46,  5,113, 69,110, 751, 22,33, 0,    0, 2.319, 0.00,  6,N,N,N,N,N,N,N,N,N,N,N,N,N,N,N,  D, 1,128,128,140, 46,12.1,13.4, 0.4, 0.000, 0.3, 0.000, 0.000,13.4,
00:02:40, 837,  0, 47,  0, 98, 51, 46,  5,113, 69,110, 751, 23,33, 0,    0, 2.350, 0.00,  6,N,N,N,N,N,N,N,N,N,N,N,N,N,N,N,  D, 1,128,128,140, 46,12.1,13.5, 0.4, 0.000, 0.6, 0.000, 0.000,13.5,
00:02:40, 875,  0, 47,  0, 98, 51, 46,  5,113, 69,110, 751, 23,33, 0,    0, 2.350, 0.00,  6,N,N,N,N,N,N,N,N,N,N,N,N,N,N,N,  D, 1,128,128,140, 46,12.0,13.5, 0.4, 0.000, 0.3, 0.000, 0.000,13.5,
00:02:40, 837,  0, 48,  0, 98, 51, 46,  5,113, 69,110, 751, 23,33, 0,    0, 2.319, 0.00,  6,N,N,N,N,N,N,N,N,N,N,N,N,N,N,N,  D, 1,128,128,140, 46,12.1,13.2, 0.4, 0.000, 0.9, 0.000, 0.000,13.2,
00:02:40, 850,  0, 47,  0, 98, 51, 46,  4,113, 69,110, 743, 23,33, 0,    0, 2.319, 0.00,  6,N,N,N,N,N,N,N,N,N,N,N,N,N,N,N,  D, 1,128,128,140, 46,12.0,13.5, 0.0, 0.000, 0.3, 0.000, 0.000,13.5,
00:02:40, 837,  0, 47,  0, 98, 51, 46,  5,113, 69,110, 751, 23,33, 0,    0, 2.350, 0.00,  6,N,N,N,N,N,N,N,N,N,N,N,N,N,N,N,  D, 1,128,128,140, 46,12.1,13.5, 0.4, 0.000, 0.9, 0.000, 0.000,13.5,
00:02:40, 850,  0, 48,  0, 98, 51, 47,  5,113, 69,110, 751, 22,33, 0,    0, 2.350, 0.00,  6,N,N,N,N,N,N,N,N,N,N,N,N,N,N,N,  D, 1,128,128,140, 46,12.1,13.5, 0.4, 0.000, 0.6, 0.000, 0.000,13.5,
00:02:40, 862,  0, 47,  0, 98, 51, 46,  4,113, 69,110, 751, 22,32, 0,    0, 2.319, 0.00,  6,N,N,N,N,N,N,N,N,N,N,N,N,N,N,N,  D, 1,128,128,140, 46,12.0,13.5, 0.0, 0.000, 0.3, 0.000, 0.000,13.5,
00:02:40, 837,  0, 46,  0, 98, 52, 47,  4,113, 69,110, 751, 23,33, 0,    0, 2.319, 0.00,  6,N,N,N,N,N,N,N,N,N,N,N,N,N,N,N,  D, 1,128,128,140, 46,12.1,13.5, 0.0, 0.000, 0.0, 0.000, 0.000,13.5,
00:02:40, 837,  0, 45,  0, 98, 53, 46,  2,113, 69,110, 751, 22,33, 0,    0, 2.106, 0.00,  5,N,N,N,N,N,N,N,N,N,N,N,N,N,N,N,  D, 1,128,128,140, 45,12.0,13.5, 0.0, 0.000, 0.0, 0.000, 0.000,13.5,
00:02:40, 850,  0, 44,  0, 98, 55, 46,  2,113, 69,110, 751, 22,32, 0,    0, 2.075, 0.00,  5,N,N,N,Y,N,N,N,N,N,N,N,N,N,N,N,  D, 1,128,128,140, 45,12.0,13.3, 0.0, 0.000, 0.0, 0.000, 0.000,13.3,
00:02:40, 800,  0, 43,  0, 98, 55, 46,  2,113, 71,110, 751, 22,32, 0,    0, 2.014, 0.00,  5,N,N,N,Y,N,N,N,N,N,N,N,N,N,N,N,  D, 1,128,128,140, 45,12.0,13.6, 0.0, 0.000, 0.0, 0.000, 0.000,13.6,
00:02:40, 775,  0, 42,  0, 98, 56, 46,  0,113, 71,110, 751, 21,27, 0,    0, 1.862, 0.00,  4,N,N,N,Y,Y,N,N,N,N,N,N,N,N,N,N,  D, 0,128,128,140, 43,12.0,13.5, 0.0, 0.000, 0.0, 0.000, 0.000,13.5,
00:02:40, 762,  0, 41,  0, 98, 58, 46,  0,113, 69,110, 751, 20,27, 0,    0, 1.862, 0.00,  4,N,N,N,Y,Y,N,N,N,N,N,N,N,N,N,N,  D, 0,128,128,140, 43,12.0,13.6, 0.0, 0.000, 0.0, 0.000, 0.000,13.6,
00:02:40, 737,  0, 41,  0, 98, 57, 45,  0,113, 69,110, 747, 19,27, 0,    0, 1.831, 0.00,  4,N,N,N,Y,Y,N,N,N,N,N,N,N,N,N,N,  D, 0,128,128,140, 43,12.0,13.5, 0.0, 0.000, 0.0, 0.000, 0.000,13.5,
00:02:41, 687,  1, 42,  0, 98, 56, 45,  0,113, 71,110, 756, 17,27, 0,    0, 1.892, 0.00,  4,N,N,N,Y,Y,N,N,N,N,N,N,N,N,N,N,  D, 0,128,128,140, 43,12.0,13.5, 0.0, 0.000, 0.0, 0.000, 0.000,13.5,
00:02:41, 675,  1, 41,  0, 98, 57, 44,  0,113, 69,111, 760, 16,27, 0,    0, 1.984, 0.00,  4,N,N,N,Y,Y,N,N,N,N,N,N,N,N,N,N,  D, 0,128,128,140, 42,12.0,13.3, 0.0, 0.000, 0.0, 0.000, 0.000,13.3,
00:02:41, 650,  1, 43,  0, 98, 55, 44,  0,113, 69,111, 760, 16,27, 0,    0, 1.984, 0.00,  4,N,N,N,Y,Y,N,N,N,N,N,N,N,N,N,N,  D, 0,128,128,140, 42,12.0,13.3, 0.0, 0.000, 0.0, 0.000, 0.000,13.3,
00:02:41, 625,  1, 43,  0, 98, 55, 44,  0,113, 69,111, 751, 16,27, 0,    0, 2.075, 0.00,  4,N,N,N,N,Y,N,N,N,N,N,N,N,N,N,N,  D, 0,128,128,140, 42,12.0,12.8, 0.0, 0.000, 0.0, 0.000, 0.000,12.8,
00:02:41, 612,  1, 44,  0, 98, 54, 44,  0,113, 69,111, 765, 16,27, 0,    0, 2.075, 0.00,  4,N,N,N,N,Y,N,N,N,N,N,N,N,N,N,N,  D, 0,128,128,140, 41,12.0,13.0, 0.0, 0.000, 0.0, 0.000, 0.000,13.0,
00:02:41, 637,  1, 44,  0, 98, 54, 44,  0,113, 71,111, 765, 16,27, 0,    0, 2.136, 0.00,  4,N,N,N,N,Y,N,N,N,N,N,N,N,N,N,N,  D, 0,128,128,140, 41,12.0,12.9, 0.0, 0.000, 0.0, 0.000, 0.000,12.9,
00:02:41, 625,  1, 45,  0, 98, 53, 43,  0,113, 69,111, 769, 16,27, 0,    0, 2.136, 0.00,  4,N,N,N,N,Y,N,N,N,N,N,N,N,N,N,N,  D, 0,128,128,140, 41,12.0,12.8, 0.0, 0.000, 0.3, 0.000, 0.000,12.8,
00:02:41, 625,  1, 45,  0, 98, 53, 44,  0,113, 69,111, 765, 16,27, 0,    0, 2.136, 0.00,  4,N,N,N,N,Y,N,N,N,N,N,N,N,N,N,N,  D, 0,128,128,140, 41,12.0,12.7, 0.0, 0.000, 0.3, 0.000, 0.000,12.7,
00:02:41, 650,  1, 45,  0, 98, 53, 44,  0,113, 69,111, 769, 16,27, 0,    0, 2.167, 0.00,  4,N,N,N,N,Y,N,N,N,N,N,N,N,N,N,N,  D, 0,128,128,140, 40,12.0,12.6, 0.0, 0.000, 0.3, 0.000, 0.000,12.6,
00:02:41, 637,  2, 44,  0, 98, 54, 44,  0,113, 69,111, 774, 16,27, 0,    0, 2.167, 0.00,  4,N,N,N,N,Y,N,N,N,N,N,N,N,N,N,N,  D, 0,128,128,140, 40,12.0,12.6, 0.0, 0.000, 0.3, 0.000, 0.000,12.6,
00:02:41, 650,  2, 45,  0, 98, 53, 44,  0,113, 69,111, 769, 16,27, 0,    0, 2.167, 0.00,  4,N,N,N,N,Y,N,N,N,N,N,N,N,N,N,N,  D, 0,128,128,140, 40,12.0,12.6, 0.0, 0.000, 0.3, 0.000, 0.000,12.6,
00:02:41, 650,  2, 45,  0, 98, 53, 44,  0,113, 69,111, 769, 16,27, 0,    0, 2.167, 0.00,  4,N,N,N,N,Y,N,N,N,N,N,N,N,N,N,N,  D, 0,128,128,140, 39,12.0,12.6, 0.0, 0.000, 0.0, 0.000, 0.000,12.6,
00:02:41, 662,  2, 45,  0, 98, 53, 44,  0,113, 69,111, 769, 16,27, 0,    0, 2.136, 0.00,  4,N,N,N,N,Y,N,N,N,N,N,N,N,N,N,N,  D, 0,128,128,140, 39,12.0,12.7, 0.0, 0.000, 0.3, 0.000, 0.000,12.7,
00:02:41, 650,  2, 44,  0, 98, 54, 44,  0,113, 69,111, 769, 16,27, 0,    0, 2.136, 0.00,  4,N,N,N,N,Y,N,N,N,N,N,N,N,N,N,N,  D, 0,128,128,140, 39,12.0,12.6, 0.0, 0.000, 0.0, 0.000, 0.000,12.6,
00:02:41, 662,  2, 45,  0, 98, 53, 44,  0,113, 69,111, 765, 16,27, 0,    0, 2.167, 0.00,  4,N,N,N,N,Y,N,N,N,N,N,N,N,N,N,N,  D, 0,128,128,140, 38,12.0,12.7, 0.0, 0.000, 0.0, 0.000, 0.000,12.7,
00:02:41, 675,  2, 45,  0, 98, 53, 44,  0,113, 71,111, 765, 16,27, 0,    0, 2.106, 0.00,  4,N,N,N,N,Y,N,N,N,N,N,N,N,N,N,N,  D, 0,128,128,140, 38,12.0,12.8, 0.0, 0.000, 0.0, 0.000, 0.000,12.8,
00:02:41, 650,  2, 44,  0, 98, 55, 44,  0,113, 71,111, 765, 16,27, 0,    0, 2.106, 0.00,  4,N,N,N,N,Y,N,N,N,N,N,N,N,N,N,N,  D, 0,128,128,140, 38,12.0,12.8, 0.0, 0.000, 0.0, 0.000, 0.000,12.8,
00:02:42, 637,  2, 44,  0, 98, 54, 44,  0,113, 69,111, 765, 16,27, 0,    0, 2.075, 0.00,  4,N,N,N,N,Y,N,N,N,N,N,N,N,N,N,N,  D, 0,128,128,140, 38,12.0,12.9, 0.0, 0.000, 0.0, 0.000, 0.000,12.9,
00:02:42, 637,  2, 43,  0, 98, 55, 44,  0,113, 69,111, 765, 17,27, 0,    0, 2.075, 0.00,  4,N,N,N,N,Y,N,N,N,N,N,N,N,N,N,N,  D, 0,128,128,140, 38,12.0,12.9, 0.0, 0.000, 0.0, 0.000, 0.000,12.9,
00:02:42, 637,  3, 44,  0, 98, 54, 44,  0,113, 69,111, 765, 16,27, 0,    0, 2.136, 0.00,  4,N,N,N,N,Y,N,N,N,N,N,N,N,N,N,N,  D, 0,128,128,140, 38,12.0,13.0, 0.0, 0.000, 0.0, 0.000, 0.000,13.0,
00:02:42, 637,  3, 44,  0, 98, 54, 44,  0,113, 69,111, 765, 16,27, 0,    0, 2.106, 0.00,  4,N,N,N,N,Y,N,N,N,N,N,N,N,N,N,N,  D, 0,128,128,140, 38,12.0,13.0, 0.0, 0.000, 0.0, 0.000, 0.000,13.0,
00:02:42, 662,  3, 44,  0, 98, 54, 44,  0,113, 69,111, 756, 16,27, 0,    0, 2.136, 0.00,  4,N,N,N,N,Y,N,N,N,N,N,N,N,N,N,N,  D, 0,128,128,140, 37,12.0,13.0, 0.0, 0.000, 0.0, 0.000, 0.000,13.0,
00:02:42, 650,  3, 44,  0, 98, 54, 44,  0,113, 69,111, 765, 16,27, 0,    0, 2.106, 0.00,  4,N,N,N,N,Y,N,N,N,N,N,N,N,N,N,N,  D, 0,128,128,140, 37,12.0,12.9, 0.0, 0.000, 0.0, 0.000, 0.000,12.9,
00:02:42, 650,  3, 44,  0, 98, 54, 44,  0,113, 69,111, 765, 16,27, 0,    0, 2.136, 0.00,  4,N,N,N,N,Y,N,N,N,N,N,N,N,N,N,N,  D, 0,128,128,140, 37,12.0,12.9, 0.0, 0.000, 0.0, 0.000, 0.000,12.9,
00:02:42, 650,  3, 44,  0, 98, 54, 44,  0,113, 69,111, 769, 16,27, 0,    0, 2.106, 0.00,  4,N,N,N,N,Y,N,N,N,N,N,N,N,N,N,N,  D, 0,128,128,140, 37,12.0,12.9, 0.0, 0.000, 0.0, 0.000, 0.000,12.9,
00:02:42, 637,  3, 44,  0, 98, 54, 44,  0,113, 71,111, 769, 16,27, 0,    0, 2.136, 0.00,  4,N,N,N,N,Y,N,N,N,N,N,N,N,N,N,N,  D, 0,128,128,140, 37,12.0,12.9, 0.0, 0.000, 0.3, 0.000, 0.000,12.9,
00:02:42, 637,  3, 44,  0, 98, 54, 44,  0,113, 71,111, 765, 16,27, 0,    0, 2.136, 0.00,  4,N,N,N,N,Y,N,N,N,N,N,N,N,N,N,N,  D, 0,128,128,140, 37,12.0,12.8, 0.0, 0.000, 0.0, 0.000, 0.000,12.8,
00:02:42, 637,  3, 44,  0, 98, 54, 44,  0,113, 69,111, 765, 16,27, 0,    0, 2.136, 0.00,  4,N,N,N,N,Y,N,N,N,N,N,N,N,N,N,N,  D, 0,128,128,140, 37,12.0,12.7, 0.0, 0.000, 0.0, 0.000, 0.000,12.7,
00:02:42, 637,  3, 44,  0, 98, 54, 44,  0,114, 69,111, 769, 16,27, 0,    0, 2.106, 0.00,  4,N,N,N,N,Y,N,N,N,N,N,N,N,N,N,N,  D, 0,128,128,140, 36,12.0,12.7, 0.0, 0.000, 0.0, 0.000, 0.000,12.7,
00:02:42, 637,  3, 44,  0, 98, 54, 44,  0,114, 69,113, 769, 16,27, 0,    0, 2.106, 0.00,  4,N,N,N,N,Y,N,N,N,N,N,N,N,N,N,N,  D, 0,128,128,140, 36,12.0,12.6, 0.0, 0.000, 0.0, 0.000, 0.000,12.6,
00:02:42, 662,  3, 44,  0, 98, 54, 44,  0,114, 69,113, 769, 16,27, 0,    0, 2.075, 0.00,  4,N,N,N,N,Y,N,N,N,N,N,N,N,N,N,N,  D, 0,128,128,140, 36,12.1,12.6, 0.0, 0.000, 0.0, 0.000, 0.000,12.6,
00:02:42, 637,  3, 44,  0, 98, 54, 44,  0,114, 69,113, 774, 16,27, 0,    0, 2.136, 0.00,  4,N,N,N,N,Y,N,N,N,N,N,N,N,N,N,N,  D, 0,128,128,140, 36,12.1,12.6, 0.0, 0.000, 0.0, 0.000, 0.000,12.6,
00:02:42, 637,  3, 44,  0, 98, 55, 44,  0,114, 69,113, 774, 16,27, 0,    0, 2.136, 0.00,  4,N,N,N,N,Y,N,N,N,N,N,N,N,N,N,N,  D, 0,128,128,140, 36,12.1,12.6, 0.0, 0.000, 0.0, 0.000, 0.000,12.6,
00:02:42, 650,  3, 44,  0, 98, 55, 44,  0,114, 69,113, 760, 16,27, 0,    0, 2.075, 0.00,  4,N,N,N,N,Y,N,N,N,N,N,N,N,N,N,N,  D, 0,128,128,140, 36,12.1,12.6, 0.0, 0.000, 0.0, 0.000, 0.000,12.6,
00:02:43, 637,  3, 44,  0, 98, 54, 44,  0,114, 69,113, 774, 16,27, 0,    0, 2.075, 0.00,  4,N,N,N,N,Y,N,N,N,N,N,N,N,N,N,N,  D, 0,128,128,140, 36,12.1,12.6, 0.0, 0.000, 0.0, 0.000, 0.000,12.6,
00:02:43, 637,  3, 43,  0, 98, 55, 44,  0,114, 69,113, 774, 16,27, 0,    0, 2.075, 0.00,  4,N,N,N,N,Y,N,N,N,N,N,N,N,N,N,N,  D, 0,128,128,140, 36,12.1,12.5, 0.0, 0.000, 0.0, 0.000, 0.000,12.5,
00:02:43, 637,  3, 44,  0, 98, 54, 44,  0,114, 69,113, 769, 16,27, 0,    0, 2.075, 0.00,  4,N,N,N,N,Y,N,N,N,N,N,N,N,N,N,N,  D, 0,128,128,140, 36,12.1,12.5, 0.0, 0.000, 0.0, 0.000, 0.000,12.5,
00:02:43, 662,  3, 44,  0, 98, 55, 44,  0,114, 71,113, 774, 16,27, 0,    0, 2.075, 0.00,  4,N,N,N,N,Y,N,N,N,N,N,N,N,N,N,N,  D, 0,128,128,140, 36,12.1,12.6, 0.0, 0.000, 0.0, 0.000, 0.000,12.6,
00:02:43, 625,  2, 44,  0, 98, 54, 44,  0,114, 71,113, 774, 16,27, 0,    0, 2.075, 0.00,  4,N,N,N,N,Y,N,N,N,N,N,N,N,N,N,N,  D, 0,128,128,140, 35,12.1,12.5, 0.0, 0.000, 0.0, 0.000, 0.000,12.5,
00:02:43, 637,  2, 44,  0, 98, 55, 44,  0,114, 69,113, 769, 16,27, 0,    0, 2.075, 0.00,  4,N,N,N,N,Y,N,N,N,N,N,N,N,N,N,N,  D, 0,128,128,140, 35,12.1,12.5, 0.0, 0.000, 0.0, 0.000, 0.000,12.5,
00:02:43, 637,  2, 44,  0, 98, 55, 44,  0,114, 69,113, 774, 16,27, 0,    0, 2.075, 0.00,  4,N,N,N,N,Y,N,N,N,N,N,N,N,N,N,N,  D, 0,128,128,140, 35,12.1,12.5, 0.0, 0.000, 0.0, 0.000, 0.000,12.5,
00:02:43, 612,  2, 44,  0, 98, 54, 43,  0,114, 69,113, 774, 15,27, 0,    0, 2.106, 0.00,  4,N,N,N,N,Y,N,N,N,N,N,N,N,N,N,N,  D, 0,128,128,140, 35,12.1,12.5, 0.0, 0.000, 0.3, 0.000, 0.000,12.5,
00:02:43, 587,  2, 44,  0, 98, 54, 44,  0,114, 69,113, 774, 16,27, 0,    0, 2.106, 0.00,  4,N,N,N,N,Y,N,N,N,N,N,N,N,N,N,N,  D, 0,128,128,140, 35,12.1,12.4, 0.0, 0.000, 0.0, 0.000, 0.000,12.4,
00:02:43, 612,  2, 45,  0, 98, 53, 43,  0,114, 69,113, 774, 16,27, 0,    0, 2.075, 0.00,  4,N,N,N,N,Y,N,N,N,N,N,N,N,N,N,N,  D, 0,128,128,140, 35,12.1,12.4, 0.0, 0.000, 0.0, 0.000, 0.000,12.4,
00:02:43, 600,  2, 45,  0, 98, 53, 43,  0,114, 69,113, 778, 15,27, 0,    0, 2.106, 0.00,  4,N,N,N,N,Y,N,N,N,N,N,N,N,N,N,N,  D, 0,128,128,140, 35,12.1,12.4, 0.0, 0.000, 0.9, 0.000, 0.000,12.4,
00:02:43, 600,  2, 45,  0, 98, 53, 43,  0,114, 69,113, 774, 15,27, 0,    0, 2.106, 0.00,  4,N,N,N,N,Y,N,N,N,N,N,N,N,N,N,N,  D, 0,128,128,140, 35,12.1,12.3, 0.0, 0.000, 0.6, 0.000, 0.000,12.3,
00:02:43, 612,  2, 45,  0, 98, 53, 44,  0,114, 69,113, 774, 16,27, 0,    0, 2.136, 0.00,  4,N,N,N,N,Y,N,N,N,N,N,N,N,N,N,N,  D, 0,128,128,140, 35,12.1,12.3, 0.0, 0.000, 0.3, 0.000, 0.000,12.3,
00:02:43, 625,  2, 44,  0, 98, 54, 43,  0,114, 69,113, 778, 16,27, 0,    0, 2.106, 0.00,  4,N,N,N,N,Y,N,N,N,N,N,N,N,N,N,N,  D, 0,128,128,140, 35,12.1,12.3, 0.0, 0.000, 0.3, 0.000, 0.000,12.3,
00:02:43, 600,  2, 45,  0, 98, 53, 43,  0,114, 69,113, 778, 16,27, 0,    0, 2.106, 0.00,  4,N,N,N,N,Y,N,N,N,N,N,N,N,N,N,N,  D, 0,128,128,140, 35,12.1,12.3, 0.0, 0.000, 0.3, 0.000, 0.000,12.3,
00:02:43, 625,  2, 44,  0, 98, 54, 43,  0,114, 69,113, 769, 16,27, 0,    0, 2.106, 0.00,  4,N,N,N,N,Y,N,N,N,N,N,N,N,N,N,N,  D, 0,128,128,140, 35,12.1,12.3, 0.0, 0.000, 0.0, 0.000, 0.000,12.3,
00:02:43, 625,  2, 45,  0, 98, 53, 44,  0,114, 69,113, 774, 16,27, 0,    0, 2.106, 0.00,  4,N,N,N,N,Y,N,N,N,N,N,N,N,N,N,N,  D, 0,128,128,140, 35,12.1,12.3, 0.0, 0.000, 0.0, 0.000, 0.000,12.3,
00:02:43, 625,  2, 45,  0, 98, 53, 43,  0,114, 69,113, 778, 15,27, 0,    0, 2.106, 0.00,  4,N,N,N,N,Y,N,N,N,N,N,N,N,N,N,N,  D, 0,128,128,140, 35,12.1,12.3, 0.0, 0.000, 0.3, 0.000, 0.000,12.3,
00:02:44, 625,  2, 45,  0, 98, 53, 44,  0,114, 69,113, 774, 16,27, 0,    0, 2.136, 0.00,  4,N,N,N,N,Y,N,N,N,N,N,N,N,N,N,N,  D, 0,128,128,140, 35,12.1,12.3, 0.0, 0.000, 0.6, 0.000, 0.000,12.3,
00:02:44, 637,  2, 45,  0, 98, 53, 44,  0,114, 69,113, 774, 16,27, 0,    0, 2.136, 0.00,  4,N,N,N,N,Y,N,N,N,N,N,N,N,N,N,N,  D, 0,128,128,140, 35,12.1,12.4, 0.0, 0.000, 0.3, 0.000, 0.000,12.4,
00:02:44, 625,  2, 44,  0, 98, 54, 44,  0,114, 69,113, 774, 16,27, 0,    0, 2.106, 0.00,  4,N,N,N,N,Y,N,N,N,N,N,N,N,N,N,N,  D, 0,128,128,140, 35,12.1,12.4, 0.0, 0.000, 0.0, 0.000, 0.000,12.4,
00:02:44, 612,  2, 45,  0, 98, 53, 43,  0,114, 69,113, 774, 15,27, 0,    0, 2.075, 0.00,  4,N,N,N,N,Y,N,N,N,N,N,N,N,N,N,N,  D, 0,128,128,140, 35,12.1,12.4, 0.0, 0.000, 0.6, 0.000, 0.000,12.4,
00:02:44, 600,  2, 44,  0, 98, 54, 44,  0,114, 69,113, 774, 16,27, 0,    0, 2.106, 0.00,  4,N,N,N,N,Y,N,N,N,N,N,N,N,N,N,N,  D, 0,128,128,140, 35,12.1,12.4, 0.0, 0.000, 0.6, 0.000, 0.000,12.4,
00:02:44, 612,  2, 45,  0, 98, 53, 44,  0,114, 69,113, 774, 16,27, 0,    0, 2.136, 0.00,  4,N,N,N,N,Y,N,N,N,N,N,N,N,N,N,N,  D, 0,128,128,140, 35,12.1,12.5, 0.0, 0.000, 0.3, 0.000, 0.000,12.5,
00:02:44, 612,  2, 45,  0, 98, 53, 44,  0,114, 69,113, 774, 16,27, 0,    0, 2.136, 0.00,  4,N,N,N,N,Y,N,N,N,N,N,N,N,N,N,N,  D, 0,128,128,140, 35,12.1,12.4, 0.0, 0.000, 0.3, 0.000, 0.000,12.4,
00:02:44, 625,  2, 44,  0, 98, 54, 44,  0,114, 69,113, 774, 16,27, 0,    0, 2.075, 0.00,  4,N,N,N,N,Y,N,N,N,N,N,N,N,N,N,N,  D, 0,128,128,140, 34,12.1,12.4, 0.0, 0.000, 0.0, 0.000, 0.000,12.4,
00:02:44, 637,  2, 44,  0, 98, 54, 44,  0,114, 69,113, 774, 16,27, 0,    0, 2.136, 0.00,  4,N,N,N,N,Y,N,N,N,N,N,N,N,N,N,N,  D, 0,128,128,140, 34,12.1,12.5, 0.0, 0.000, 0.0, 0.000, 0.000,12.5,
00:02:44, 625,  2, 44,  0, 98, 54, 44,  0,114, 69,113, 774, 16,27, 0,    0, 2.075, 0.00,  4,N,N,N,N,Y,N,N,N,N,N,N,N,N,N,N,  D, 0,128,128,140, 34,12.1,12.5, 0.0, 0.000, 0.0, 0.000, 0.000,12.5,
00:02:44, 625,  2, 44,  0, 98, 54, 44,  0,114, 69,113, 769, 16,27, 0,    0, 2.106, 0.00,  4,N,N,N,N,Y,N,N,N,N,N,N,N,N,N,N,  D, 0,128,128,140, 33,12.1,12.5, 0.0, 0.000, 0.0, 0.000, 0.000,12.5,
00:02:44, 650,  2, 43,  0, 98, 55, 44,  0,114, 69,113, 774, 16,27, 0,    0, 2.075, 0.00,  4,N,N,N,N,Y,N,N,N,N,N,N,N,N,N,N,  D, 0,128,128,140, 33,12.1,12.5, 0.0, 0.000, 0.0, 0.000, 0.000,12.5,
00:02:44, 650,  2, 43,  0, 98, 55, 44,  0,114, 69,113, 774, 16,27, 0,    0, 2.075, 0.00,  4,N,N,N,N,Y,N,N,N,N,N,N,N,N,N,N,  D, 0,128,128,140, 33,12.1,12.5, 0.0, 0.000, 0.0, 0.000, 0.000,12.5,
00:02:44, 637,  2, 44,  0, 98, 55, 44,  0,114, 69,113, 774, 16,27, 0,    0, 2.075, 0.00,  4,N,N,N,N,Y,N,N,N,N,N,N,N,N,N,N,  D, 0,128,128,140, 33,12.1,12.5, 0.0, 0.000, 0.0, 0.000, 0.000,12.5,
00:02:44, 637,  2, 44,  0, 98, 55, 44,  0,114, 69,113, 774, 16,27, 0,    0, 2.075, 0.00,  4,N,N,N,N,Y,N,N,N,N,N,N,N,N,N,N,  D, 0,128,128,140, 33,12.1,12.5, 0.0, 0.000, 0.0, 0.000, 0.000,12.5,
00:02:44, 625,  2, 44,  0, 98, 55, 43,  0,114, 69,113, 774, 15,27, 0,    0, 2.106, 0.00,  4,N,N,N,N,Y,N,N,N,N,N,N,N,N,N,N,  D, 0,128,128,140, 33,12.1,12.5, 0.0, 0.000, 0.0, 0.000, 0.000,12.5,
00:02:44, 612,  2, 44,  0, 98, 54, 43,  0,114, 69,113, 774, 16,27, 0,    0, 2.075, 0.00,  4,N,N,N,N,Y,N,N,N,N,N,N,N,N,N,N,  D, 0,128,128,140, 33,12.1,12.4, 0.0, 0.000, 0.3, 0.000, 0.000,12.4,
00:02:45, 625,  2, 44,  0, 98, 54, 44,  0,114, 69,113, 774, 16,27, 0,    0, 2.075, 0.00,  4,N,N,N,N,Y,N,N,N,N,N,N,N,N,N,N,  D, 0,128,128,140, 33,12.1,12.2, 0.0, 0.000, 0.0, 0.000, 0.000,12.2,
00:02:45, 625,  2, 45,  0, 98, 53, 44,  0,114, 69,113, 774, 16,27, 0,    0, 2.136, 0.00,  4,N,N,N,N,Y,N,N,N,N,N,N,N,N,N,N,  D, 0,128,128,140, 33,12.1,12.5, 0.0, 0.000, 0.6, 0.000, 0.000,12.5,
00:02:45, 612,  2, 44,  0, 98, 55, 44,  0,114, 69,113, 778, 16,27, 0,    0, 2.136, 0.00,  4,N,N,N,N,Y,N,N,N,N,N,N,N,N,N,N,  D, 0,128,128,140, 33,12.1,12.4, 0.0, 0.000, 0.0, 0.000, 0.000,12.4,
00:02:45, 637,  2, 44,  0, 98, 54, 44,  0,114, 69,113, 774, 16,27, 0,    0, 2.075, 0.00,  4,N,N,N,N,Y,N,N,N,N,N,N,N,N,N,N,  D, 0,128,128,140, 33,12.1,12.4, 0.0, 0.000, 0.0, 0.000, 0.000,12.4,
00:02:45, 637,  2, 44,  0, 98, 54, 44,  0,114, 69,113, 778, 15,27, 0,    0, 2.106, 0.00,  4,N,N,N,N,Y,N,N,N,N,N,N,N,N,N,N,  D, 0,128,128,140, 33,12.1,12.4, 0.0, 0.000, 0.0, 0.000, 0.000,12.4,
00:02:45, 625,  2, 44,  0, 98, 54, 43,  0,114, 69,113, 778, 16,27, 0,    0, 2.045, 0.00,  4,N,N,N,N,Y,N,N,N,N,N,N,N,N,N,N,  D, 0,128,128,140, 33,12.1,12.3, 0.0, 0.000, 0.0, 0.000, 0.000,12.3,
00:02:45, 612,  2, 44,  0, 98, 55, 44,  0,114, 69,113, 774, 16,27, 0,    0, 2.075, 0.00,  4,N,N,N,N,Y,N,N,N,N,N,N,N,N,N,N,  D, 0,128,128,140, 33,12.1,12.3, 0.0, 0.000, 0.3, 0.000, 0.000,12.3,
00:02:45, 625,  2, 44,  0, 98, 55, 44,  0,114, 69,113, 774, 16,27, 0,    0, 2.075, 0.00,  4,N,N,N,N,Y,N,N,N,N,N,N,N,N,N,N,  D, 0,128,128,140, 33,12.1,12.3, 0.0, 0.000, 0.0, 0.000, 0.000,12.3,
00:02:45, 612,  2, 44,  0, 98, 54, 43,  0,114, 69,113, 778, 15,27, 0,    0, 2.075, 0.00,  4,N,N,N,N,Y,N,N,N,N,N,N,N,N,N,N,  D, 0,128,128,140, 33,12.1,12.3, 0.0, 0.000, 0.0, 0.000, 0.000,12.3,
00:02:45, 612,  2, 44,  0, 98, 55, 43,  1,114, 69,113, 774, 15,27, 0,    0, 2.075, 0.00,  4,N,N,N,N,Y,N,N,N,N,N,N,N,N,N,N,  D, 0,128,128,140, 33,12.1,12.2, 0.8, 0.000, 0.0, 0.000, 0.000,12.2,
00:02:45, 625,  2, 44,  0, 98, 54, 43,  0,114, 69,113, 774, 16,27, 0,    0, 2.075, 0.00,  4,N,N,N,N,Y,N,N,N,N,N,N,N,N,N,N,  D, 0,128,128,140, 33,12.1,12.4, 0.0, 0.000, 0.0, 0.000, 0.000,12.4,
00:02:45, 612,  2, 44,  0, 98, 55, 43,  0,114, 69,113, 774, 15,27, 0,    0, 2.075, 0.00,  4,N,N,N,N,Y,N,N,N,N,N,N,N,N,N,N,  D, 0,128,128,140, 33,12.1,12.3, 0.0, 0.000, 0.0, 0.000, 0.000,12.3,
00:02:45, 612,  2, 44,  0, 98, 54, 43,  0,114, 69,113, 778, 15,27, 0,    0, 2.045, 0.00,  4,N,N,N,N,Y,N,N,N,N,N,N,N,N,N,N,  D, 0,128,128,140, 33,12.1,12.3, 0.0, 0.000, 0.0, 0.000, 0.000,12.3,
00:02:45, 612,  2, 44,  0, 98, 54, 44,  0,114, 69,113, 774, 16,27, 0,    0, 2.106, 0.00,  4,N,N,N,N,Y,N,N,N,N,N,N,N,N,N,N,  D, 0,128,128,140, 33,12.1,12.3, 0.0, 0.000, 0.3, 0.000, 0.000,12.3,
00:02:45, 600,  2, 44,  0, 98, 54, 44,  0,114, 69,113, 778, 16,27, 0,    0, 2.075, 0.00,  4,N,N,N,N,Y,N,N,N,N,N,N,N,N,N,N,  D, 0,128,128,140, 33,12.1,12.3, 0.0, 0.000, 0.3, 0.000, 0.000,12.3,
00:02:45, 600,  2, 45,  0, 98, 54, 43,  0,114, 69,113, 778, 16,27, 0,    0, 2.075, 0.00,  4,N,N,N,N,Y,N,N,N,N,N,N,N,N,N,N,  D, 0,128,128,140, 33,12.1,12.3, 0.0, 0.000, 0.3, 0.000, 0.000,12.3,
00:02:45, 612,  2, 44,  0, 98, 55, 44,  0,114, 69,113, 778, 16,27, 0,    0, 2.075, 0.00,  4,N,N,N,N,Y,N,N,N,N,N,N,N,N,N,N,  D, 0,128,128,140, 33,12.1,12.3, 0.0, 0.000, 0.3, 0.000, 0.000,12.3,
00:02:46, 612,  2, 44,  0, 98, 54, 44,  0,114, 69,113, 778, 16,27, 0,    0, 2.075, 0.00,  4,N,N,N,N,Y,N,N,N,N,N,N,N,N,N,N,  D, 0,128,128,140, 33,12.1,12.3, 0.0, 0.000, 0.3, 0.000, 0.000,12.3,
00:02:46, 587,  2, 44,  0, 98, 54, 43,  0,114, 69,113, 774, 15,27, 0,    0, 2.106, 0.00,  4,N,N,N,N,Y,N,N,N,N,N,N,N,N,N,N,  D, 0,128,128,140, 33,12.1,12.3, 0.0, 0.000, 0.3, 0.000, 0.000,12.3,
00:02:46, 612,  0, 45,  0, 98, 53, 43,  0,114, 69,113, 778, 16,28, 0,    0, 2.075, 0.00,  4,N,N,N,N,Y,N,N,N,N,N,N,N,N,N,N,  D, 0,128,128,140, 33,12.1,12.2, 0.0, 0.000, 0.0, 0.000, 0.000,12.2,
00:02:46, 637,  0, 44,  0, 98, 54, 44,  0,114, 69,113, 774, 16,26, 0,    0, 2.136, 0.00,  4,N,N,N,N,Y,N,N,N,N,N,N,N,N,N,N,  D, 0,128,128,140, 33,12.1,12.3, 0.0, 0.000, 0.0, 0.000, 0.000,12.3,
00:02:46, 637,  0, 44,  0, 98, 54, 44,  0,114, 69,113, 778, 16,27, 0,    0, 2.075, 0.00,  4,N,N,N,N,Y,N,N,N,N,N,N,N,N,N,N,  D, 0,128,128,140, 33,12.1,12.3, 0.0, 0.000, 0.0, 0.000, 0.000,12.3,
00:02:46, 637,  0, 44,  0, 98, 54, 44,  0,114, 69,113, 778, 16,26, 0,    0, 2.136, 0.00,  4,N,N,N,N,Y,N,N,N,N,N,N,N,N,N,N,  D, 0,128,128,140, 33,12.1,12.2, 0.0, 0.000, 0.0, 0.000, 0.000,12.2,
00:02:46, 637,  0, 44,  0, 98, 55, 44,  0,114, 69,113, 778, 16,26, 0,    0, 2.075, 0.00,  4,N,N,N,N,Y,N,N,N,N,N,N,N,N,N,N,  D, 0,128,128,140, 33,12.1,12.2, 0.0, 0.000, 0.0, 0.000, 0.000,12.2,
00:02:46, 662,  0, 44,  0, 98, 55, 44,  0,114, 69,113, 778, 16,24, 0,    0, 2.075, 0.00,  4,N,N,N,N,Y,N,N,N,N,N,N,N,N,N,N,  D, 0,128,128,140, 33,12.1,12.2, 0.0, 0.000, 0.0, 0.000, 0.000,12.2,
00:02:46, 637,  0, 44,  0, 98, 55, 44,  0,114, 69,113, 778, 16,26, 0,    0, 2.045, 0.00,  4,N,N,N,N,Y,N,N,N,N,N,N,N,N,N,N,  D, 0,128,128,140, 33,12.1,12.2, 0.0, 0.000, 0.0, 0.000, 0.000,12.2,
00:02:46, 650,  0, 44,  0, 98, 55, 44,  0,114, 69,113, 774, 16,25, 0,    0, 2.075, 0.00,  4,N,N,N,N,Y,N,N,N,N,N,N,N,N,N,N,  D, 0,128,128,140, 33,12.1,12.2, 0.0, 0.000, 0.0, 0.000, 0.000,12.2,
00:02:46, 637,  0, 44,  0, 98, 55, 44,  0,114, 69,113, 778, 16,25, 0,    0, 2.075, 0.00,  4,N,N,N,N,Y,N,N,N,N,N,N,N,N,N,N,  D, 0,128,128,140, 33,12.1,12.3, 0.0, 0.000, 0.0, 0.000, 0.000,12.3,
00:02:46, 625,  0, 44,  0, 98, 55, 44,  0,114, 69,113, 778, 16,27, 0,    0, 2.075, 0.00,  4,N,N,N,N,Y,N,N,N,N,N,N,N,N,N,N,  D, 0,128,128,140, 33,12.1,12.3, 0.0, 0.000, 0.0, 0.000, 0.000,12.3,
00:02:46, 637,  0, 44,  0, 98, 55, 44,  0,114, 69,113, 778, 16,26, 0,    0, 2.075, 0.00,  4,N,N,N,N,Y,N,N,N,N,N,N,N,N,N,N,  D, 0,128,128,140, 33,12.1,12.2, 0.0, 0.000, 0.0, 0.000, 0.000,12.2,
00:02:46, 637,  0, 44,  0, 98, 55, 44,  0,114, 69,113, 778, 16,26, 0,    0, 2.075, 0.00,  4,N,N,N,N,Y,N,N,N,N,N,N,N,N,N,N,  D, 0,128,128,140, 33,12.1,12.3, 0.0, 0.000, 0.0, 0.000, 0.000,12.3,
00:02:46, 637,  0, 43,  0, 98, 55, 44,  0,114, 69,113, 778, 16,28, 0,    0, 2.045, 0.00,  4,N,N,N,N,Y,N,N,N,N,N,N,N,N,N,N,  D, 0,128,128,140, 33,12.1,12.3, 0.0, 0.000, 0.0, 0.000, 0.000,12.3,
00:02:46, 637,  0, 43,  0, 98, 55, 44,  0,114, 69,113, 774, 16,26, 0,    0, 2.106, 0.00,  4,N,N,N,N,Y,N,N,N,N,N,N,N,N,N,N,  D, 0,128,128,140, 33,12.1,12.3, 0.0, 0.000, 0.0, 0.000, 0.000,12.3,
00:02:46, 650,  0, 44,  0, 98, 55, 44,  0,114, 69,113, 778, 16,27, 0,    0, 2.075, 0.00,  4,N,N,N,N,Y,N,N,N,N,N,N,N,N,N,N,  D, 0,128,128,140, 33,12.1,12.3, 0.0, 0.000, 0.0, 0.000, 0.000,12.3,
00:02:47, 625,  0, 44,  0, 98, 54, 44,  0,114, 69,113, 778, 16,27, 0,    0, 2.075, 0.00,  4,N,N,N,N,Y,N,N,N,N,N,N,N,N,N,N,  D, 0,128,128,140, 33,12.1,12.2, 0.0, 0.000, 0.3, 0.000, 0.000,12.2,
00:02:47, 637,  0, 44,  0, 98, 54, 43,  0,114, 69,113, 778, 16,26, 0,    0, 2.045, 0.00,  4,N,N,N,N,Y,N,N,N,N,N,N,N,N,N,N,  D, 0,128,128,140, 33,12.1,12.2, 0.0, 0.000, 0.0, 0.000, 0.000,12.2,
00:02:47, 637,  0, 44,  0, 98, 54, 44,  0,114, 69,113, 778, 16,26, 0,    0, 2.075, 0.00,  4,N,N,N,N,Y,N,N,N,N,N,N,N,N,N,N,  D, 0,128,128,140, 33,12.1,12.2, 0.0, 0.000, 0.3, 0.000, 0.000,12.2,
00:02:47, 625,  0, 44,  0, 98, 54, 44,  0,114, 69,113, 778, 16,26, 0,    0, 2.075, 0.00,  4,N,N,N,N,Y,N,N,N,N,N,N,N,N,N,N,  D, 0,128,128,140, 33,12.1,12.2, 0.0, 0.000, 0.3, 0.000, 0.000,12.2,
00:02:47, 625,  0, 44,  0, 98, 54, 44,  0,114, 69,113, 778, 16,27, 0,    0, 2.106, 0.00,  4,N,N,N,N,Y,N,N,N,N,N,N,N,N,N,N,  D, 0,128,128,140, 33,12.1,12.1, 0.0, 0.000, 0.3, 0.000, 0.000,12.1,
00:02:47, 625,  0, 44,  0, 98, 55, 44,  0,114, 69,113, 778, 16,27, 0,    0, 2.075, 0.00,  4,N,N,N,N,Y,N,N,N,N,N,N,N,N,N,N,  D, 0,128,128,140, 33,12.1,12.1, 0.0, 0.000, 0.0, 0.000, 0.000,12.1,
00:02:47, 625,  0, 44,  0, 98, 54, 44,  0,114, 69,113, 778, 16,27, 0,    0, 2.075, 0.00,  4,N,N,N,N,Y,N,N,N,N,N,N,N,N,N,N,  D, 0,128,128,140, 33,12.1,12.1, 0.0, 0.000, 0.3, 0.000, 0.000,12.1,
00:02:47, 612,  0, 43,  0, 98, 55, 44,  0,114, 69,113, 782, 16,28, 0,    0, 2.075, 0.00,  4,N,N,N,N,Y,N,N,N,N,N,N,N,N,N,N,  D, 0,128,128,140, 33,12.1,11.9, 0.0, 0.000, 0.0, 0.000, 0.000,11.9,
00:02:47, 637,  0, 44,  0, 98, 54, 44,  0,114, 69,113, 778, 16,26, 0,    0, 2.075, 0.00,  4,N,N,N,N,Y,N,N,N,N,N,N,N,N,N,N,  D, 0,128,128,140, 33,12.1,12.1, 0.0, 0.000, 0.3, 0.000, 0.000,12.1,
00:02:47, 637,  0, 43,  0, 98, 55, 43,  0,114, 69,113, 778, 16,26, 0,    0, 2.075, 0.00,  4,N,N,N,N,Y,N,N,N,N,N,N,N,N,N,N,  D, 0,128,128,140, 33,12.1,12.1, 0.0, 0.000, 0.0, 0.000, 0.000,12.1,
00:02:47, 625,  0, 44,  0, 98, 54, 43,  0,114, 69,113, 778, 16,27, 0,    0, 2.045, 0.00,  4,N,N,N,N,Y,N,N,N,N,N,N,N,N,N,N,  D, 0,128,128,140, 33,12.1,12.1, 0.0, 0.000, 0.0, 0.000, 0.000,12.1,
00:02:47, 625,  0, 44,  0, 98, 55, 44,  0,114, 69,113, 778, 16,27, 0,    0, 2.075, 0.00,  4,N,N,N,N,Y,N,N,N,N,N,N,N,N,N,N,  D, 0,128,128,140, 33,12.1,12.1, 0.0, 0.000, 0.0, 0.000, 0.000,12.1,
00:02:47, 625,  0, 44,  0, 98, 54, 43,  0,114, 69,113, 778, 16,27, 0,    0, 2.045, 0.00,  4,N,N,N,N,Y,N,N,N,N,N,N,N,N,N,N,  D, 0,128,128,140, 33,12.1,12.2, 0.0, 0.000, 0.3, 0.000, 0.000,12.2,
00:02:47, 612,  0, 44,  0, 98, 54, 43,  0,114, 71,113, 778, 15,28, 0,    0, 2.106, 0.00,  4,N,N,N,N,Y,N,N,N,N,N,N,N,N,N,N,  D, 0,128,128,140, 33,12.1,12.2, 0.0, 0.000, 0.6, 0.000, 0.000,12.2,
00:02:47, 637,  0, 44,  0, 98, 54, 43,  0,114, 71,113, 778, 16,26, 0,    0, 2.075, 0.00,  4,N,N,N,N,Y,N,N,N,N,N,N,N,N,N,N,  D, 0,128,128,140, 33,12.1,12.2, 0.0, 0.000, 0.3, 0.000, 0.000,12.2,
00:02:47, 625,  0, 44,  0, 98, 54, 44,  0,114, 69,113, 778, 16,27, 0,    0, 2.075, 0.00,  4,N,N,N,N,Y,N,N,N,N,N,N,N,N,N,N,  D, 0,128,128,140, 33,12.1,12.2, 0.0, 0.000, 0.3, 0.000, 0.000,12.2,
00:02:47, 625,  0, 44,  0, 98, 55, 44,  0,114, 69,113, 778, 16,27, 0,    0, 2.075, 0.00,  4,N,N,N,N,Y,N,N,N,N,N,N,N,N,N,N,  D, 0,128,128,140, 33,12.1,12.2, 0.0, 0.000, 0.3, 0.000, 0.000,12.2,
00:02:48, 625,  0, 44,  0, 98, 54, 44,  0,114, 69,113, 778, 16,27, 0,    0, 2.106, 0.00,  4,N,N,N,N,Y,N,N,N,N,N,N,N,N,N,N,  D, 0,128,128,140, 31,12.1,12.2, 0.0, 0.000, 0.6, 0.000, 0.549,12.2,
00:02:48, 625,  0, 44,  0, 98, 55, 44,  0,114, 69,113, 778, 16,31, 0,    0, 2.075, 0.00,  4,N,N,N,N,Y,N,N,N,N,N,N,N,N,N,N,  D, 0,128,128,140, 33,12.1,12.2, 0.0, 0.000, 0.0, 0.000, 0.000,12.2,
00:02:48, 625,  0, 44,  0, 98, 54, 44,  0,114, 69,113, 782, 16,31, 0,    0, 2.075, 0.00,  4,N,N,N,N,Y,N,N,N,N,N,N,N,N,N,N,P/N, 0,128,128,140, 24,12.1,12.3, 0.0, 0.000, 0.3, 0.000, 0.000,12.3,
00:02:48, 625,  0, 43,  0, 98, 55, 44,  0,114, 69,113, 774, 16,31, 0,    0, 2.045, 0.00,  4,N,N,N,N,Y,N,N,N,N,N,N,N,N,N,N,P/N, 0,128,128,140, 20,12.1,12.1, 0.0, 0.000, 0.0, 0.000, 0.000,12.1,
00:02:48, 625,  0, 43,  0, 98, 55, 44,  0,114, 69,113, 778, 16,31, 0,    0, 1.984, 0.00,  4,N,N,N,N,Y,N,N,N,N,N,N,N,N,N,N,P/N, 0,128,128,140, 20,12.1,12.1, 0.0, 0.000, 0.0, 0.000, 0.000,12.1,
00:02:48, 612,  0, 41,  0, 98, 56, 43,  0,114, 69,113, 778, 16,30, 0,    0, 1.984, 0.00,  4,N,N,N,N,Y,N,N,N,N,N,N,N,N,N,N,P/N, 0,128,128,140, 20,12.1,12.2, 0.0, 0.000, 0.0, 0.000, 0.000,12.2,
00:02:48, 612,  0, 43,  0, 98, 56, 43,  0,114, 69,113, 778, 15,31, 0,    0, 1.984, 0.00,  4,N,N,N,N,Y,N,N,N,N,N,N,N,N,N,N,P/N, 0,128,128,140, 20,12.1,12.1, 0.0, 0.000, 0.0, 0.000, 0.000,12.1,
00:02:48, 600,  0, 42,  0, 98, 56, 43,  0,114, 69,113, 778, 15,31, 0,    0, 2.014, 0.00,  4,N,N,N,N,Y,N,N,N,N,N,N,N,N,N,N,P/N, 0,128,128,140, 20,12.1,12.1, 0.0, 0.000, 0.0, 0.000, 0.000,12.1,
00:02:48, 612,  0, 43,  0, 98, 56, 43,  0,114, 69,113, 778, 15,31, 0,    0, 2.045, 0.00,  4,N,N,N,N,Y,N,N,N,N,N,N,N,N,N,N,P/N, 0,128,128,140, 20,12.1,12.2, 0.0, 0.000, 0.0, 0.000, 0.000,12.2,
00:02:48, 587,  0, 43,  0, 98, 55, 42,  0,114, 69,113, 778, 14,31, 0,    0, 2.014, 0.00,  3,N,N,N,N,Y,N,N,N,N,N,N,N,N,N,N,P/N, 0,128,128,140, 20,12.1,12.2, 0.0, 0.000, 0.0, 0.000, 0.000,12.2,
00:02:48, 562,  0, 44,  0, 98, 55, 43,  0,114, 69,113, 782, 14,31, 0,    0, 2.045, 0.00,  3,N,N,N,N,Y,N,N,N,N,N,N,N,N,N,N,P/N, 0,128,128,140, 20,12.1,12.1, 0.0, 0.000, 0.6, 0.000, 0.000,12.1,
00:02:48, 587,  0, 43,  0, 98, 55, 43,  0,115, 71,114, 778, 15,31, 0,    0, 2.045, 0.00,  4,N,N,N,N,Y,N,N,N,N,N,N,N,N,N,N,P/N, 0,128,128,140, 21,12.1,12.1, 0.0, 0.000, 0.0, 0.000, 0.000,12.1,
00:02:48, 612,  0, 43,  0, 98, 55, 43,  0,115, 71,114, 782, 16,30, 0,    0, 2.014, 0.00,  4,N,N,N,N,Y,N,N,N,N,N,N,N,N,N,N,P/N, 0,128,128,140, 21,12.1,12.1, 0.0, 0.000, 0.0, 0.000, 0.000,12.1,
00:02:48, 637,  0, 42,  0, 98, 56, 44,  0,115, 69,114, 782, 16,30, 0,    0, 1.984, 0.00,  4,N,N,N,N,Y,N,N,N,N,N,N,N,N,N,N,P/N, 0,128,128,140, 21,12.1,12.0, 0.0, 0.000, 0.0, 0.000, 0.000,12.0,
00:02:48, 687,  0, 41,  0, 98, 57, 45,  0,115, 69,114, 782, 18,28, 0,    0, 2.014, 0.00,  4,N,N,N,N,Y,N,N,N,N,N,N,N,N,N,N,P/N, 0,128,128,140, 21,12.1,12.0, 0.0, 0.000, 0.0, 0.000, 0.000,12.0,
00:02:48, 700,  0, 40,  0, 98, 58, 43,  0,115, 69,113, 782, 18,27, 0,    0, 1.892, 0.00,  4,N,N,N,N,Y,N,N,N,N,N,N,N,N,N,N,P/N, 0,128,128,140, 21,12.1,11.9, 0.0, 0.000, 0.0, 0.000, 0.000,11.9,
00:02:48, 687,  0, 39,  0, 98, 59, 42,  0,115, 69,114, 778, 17,28, 0,    0, 1.831, 0.00,  4,N,N,N,N,Y,N,N,N,N,N,N,N,N,N,N,P/N, 0,128,128,140, 21,12.1,11.9, 0.0, 0.000, 0.0, 0.000, 0.000,11.9,
00:02:49, 725,  0, 38,  0, 98, 60, 43,  0,115, 69,114, 778, 17,25, 0,    0, 1.831, 0.00,  4,N,N,N,N,Y,N,N,N,N,N,N,N,N,N,N,P/N, 0,128,128,140, 21,12.1,11.8, 0.0, 0.000, 0.0, 0.000, 0.000,11.8,
00:02:49, 712,  0, 38,  0, 98, 60, 42,  0,115, 69,113, 782, 17,25, 0,    0, 1.801, 0.00,  4,N,N,N,N,Y,N,N,N,N,N,N,N,N,N,N,P/N, 0,128,128,140, 21,12.1,11.8, 0.0, 0.000, 0.0, 0.000, 0.000,11.8,
00:02:49, 687,  0, 38,  0, 98, 60, 42,  0,115, 69,113, 787, 17,28, 0,    0, 1.801, 0.00,  4,N,N,N,N,Y,N,N,N,N,N,N,N,N,N,N,P/N, 0,128,128,140, 21,12.1,11.8, 0.0, 0.000, 0.0, 0.000, 0.000,11.8,
00:02:49, 712,  0, 38,  0, 98, 60, 41,  0,115, 71,113, 787, 17,27, 0,    0, 1.740, 0.00,  4,N,N,N,N,Y,N,N,N,N,N,N,N,N,N,N,P/N, 0,128,128,140, 21,12.1,12.6, 0.0, 0.000, 0.0, 0.000, 0.000,12.6,
00:02:49, 700,  0, 37,  0, 98, 61, 42,  0,115, 69,114, 477, 17,23, 4,    4, 1.801, 0.00,  4,N,N,N,N,Y,N,N,N,N,N,N,N,N,N,N,P/N, 0,128,128,140, 21,12.1,12.2, 0.0, 0.000, 0.0, 0.000, 0.000,12.2,
00:02:49, 700,  0, 40,  0, 98, 59, 45,  0,115, 69,114,   0, 18,23, 4,  644, 2.167, 0.00,  5,N,N,N,N,Y,N,N,N,N,N,N,N,N,N,N,P/N, 0,128,128,140, 21,12.1,12.2, 0.0, 0.000, 0.0, 0.000, 0.000,12.2,
00:02:49, 700,  0, 42,  0, 98, 56, 45,  0,115, 69,113,   0, 18,23, 4, 1678, 2.350, 0.00,  5,N,N,N,N,Y,N,N,N,N,N,N,N,N,N,N,P/N, 0,128,128,140, 21,12.1,12.2, 0.0, 0.000, 1.3, 0.000, 0.000,12.2,
00:00:00, 700,  0, 48,  0, 74, 50, 46,  0,115, 69,113,   0,  0,23, 4, 2502, 0.000, 0.00,  0,N,N,Y,N,Y,N,N,N,N,N,N,N,N,N,N,P/N, 0,128,128,140,195, 3.3,11.4, 0.0, 0.000, 6.6, 0.031, 0.000,11.4,
00:00:00,   0,  0, 56,  0, 74, 18, 55,  0,115, 69,115,   0,  0,23, 1, 2502, 0.000, 0.00,  0,N,N,Y,N,Y,N,N,N,N,N,N,N,N,N,N,P/N, 0,128,128,148,186, 3.3,10.5, 0.0, 0.000, 6.6, 0.031, 0.000,10.5,
00:00:00,   0,  0, 62,  0, 66,  4, 63,  0,115, 69,115, 460,  0,23, 1, 2502, 0.000, 0.00,  0,N,N,Y,N,Y,N,N,N,N,N,N,N,N,N,N,P/N, 0,128,128,149,177, 4.8, 9.9, 0.0, 0.000, 6.6, 0.031, 0.000, 9.9,
00:00:00,   0,  0, 73,  0, 71,  0, 63,  0,115, 69,115,   4,  0,23, 1, 2502, 0.000, 0.00,  0,N,N,Y,N,Y,N,N,N,N,N,N,N,N,N,N,P/N, 0,128,128,149,167, 4.8,10.4, 0.0, 0.000, 6.6, 0.031, 0.000,10.4,
00:00:00,   0,  0, 79,  0, 71,  0, 64,  0,115, 69,115,   4,  0,23, 0, 2502, 0.000, 0.00,  0,N,N,Y,N,Y,N,N,N,N,N,N,N,N,N,N,P/N, 0,128,128,149,158, 4.8,10.4, 0.0, 0.000, 6.6, 0.031, 0.000,10.4,
00:00:00,   0,  0, 86,  0, 79,  0, 66,  0,115, 69,115,   4,  0,23, 0, 2502, 0.000, 0.00,  0,N,N,Y,N,Y,N,N,N,N,N,N,N,N,N,N,P/N, 0,128,128,149,149, 4.8,10.4, 0.0, 0.000, 6.6, 0.031, 0.000,10.4,
00:00:00,   0,  0, 91,  0, 79,  0, 68,  0,115, 69,115,   4,  0,23, 0, 2502, 0.000, 0.00,  0,N,N,Y,N,Y,N,N,N,N,N,N,N,N,N,N,P/N, 0,128,128,147,139, 4.8,10.3, 0.0, 0.000, 6.6, 0.031, 0.000,10.3,
00:00:00,   0,  0, 95,  0, 86,  0, 70,  0,115, 69,115,   4,  0,23, 0, 2502, 0.000, 0.00,  0,N,N,Y,N,Y,N,N,N,N,N,N,N,N,N,N,P/N, 0,128,128,146,130, 4.8,10.2, 0.0, 0.000, 6.6, 0.031, 0.000,10.2,
00:00:00,   0,  0, 96,  0, 92,  0, 71,  0,115, 69,115,   4,  0,23, 0, 2502, 0.000, 0.00,  0,N,N,Y,N,Y,N,N,N,N,N,N,N,N,N,N,P/N, 0,128,128,143,120, 4.8,10.1, 0.0, 0.000, 6.6, 0.031, 0.000,10.1,
00:00:00,   0,  0, 97,  0, 92,  0, 72,  0,115, 69,115,   4,  0,23, 0, 2502, 0.000, 0.00,  0,N,N,Y,N,Y,N,N,N,N,N,N,N,N,N,N,P/N, 0,128,128,142,111, 4.8,10.0, 0.0, 0.000, 6.6, 0.031, 0.000,10.0,
00:00:00,   0,  0, 98,  0, 95,  0, 72,  0,115, 69,115,   4,  0,23, 0, 2502, 0.000, 0.00,  0,N,N,Y,N,Y,N,N,N,N,N,N,N,N,N,N,P/N, 0,128,128,141,102, 4.8,10.0, 0.0, 0.000, 6.6, 0.031, 0.000,10.0,
00:00:00,   0,  0, 98,  0, 95,  0, 72,  0,115, 69,115,   4,  0,23, 0, 2502, 0.000, 0.00,  0,N,N,Y,N,Y,N,N,N,N,N,N,N,N,N,N,P/N, 0,128,128,140, 92, 4.8, 9.9, 0.0, 0.000, 6.6, 0.031, 0.000, 9.9,
00:00:00,   0,  0, 98,  0, 96,  0, 72,  0,115, 69,115,   4,  0,23, 0, 2502, 0.000, 0.00,  0,N,N,Y,N,Y,N,N,N,N,N,N,N,N,N,N,P/N, 0,128,128,140, 83, 4.8, 9.8, 0.0, 0.000, 6.6, 0.031, 0.000, 9.8,
00:00:00,   0,  0, 98,  0, 96,  0, 72,  0,115, 69,115,   4,  0,23, 0, 2502, 0.000, 0.00,  0,N,N,Y,N,Y,N,N,N,N,N,N,N,N,N,N,P/N, 0,128,128,140, 74, 4.8, 9.7, 0.0, 0.000, 6.6, 0.031, 0.000, 9.7,
00:00:00,   0,  0, 98,  0, 97,  0, 72,  0,115, 69,115, 460,  0,23, 0, 2502, 0.000, 0.00,  0,N,N,Y,N,Y,N,N,N,N,N,N,N,N,N,N,P/N, 0,128,128,140, 64, 4.8, 9.7, 0.0, 0.000, 6.6, 0.031, 0.000, 9.7,
00:00:00,   0,  0, 98,  0, 97,  0, 72,  0,115, 69,115,   4,  0,23, 0, 2502, 0.000, 0.00,  0,N,N,Y,N,Y,N,N,N,N,N,N,N,N,N,N,P/N, 0,128,128,140, 55, 4.8, 9.7, 0.0, 0.000, 6.6, 0.031, 0.000, 9.7,
00:00:00,   0,  0, 98,  0, 97,  0, 72,  0,115, 69,115,   4,  0,23, 0, 2502, 0.000, 0.00,  0,N,N,Y,N,Y,N,N,N,N,N,N,N,N,N,N,P/N, 0,128,128,140, 45, 4.8, 9.7, 0.0, 0.000, 6.6, 0.031, 0.000, 9.7,
00:00:00,   0,  0, 98,  0, 98,  0, 72,  0,115, 69,115,   4,  0,23, 0, 2502, 0.000, 0.00,  0,N,N,Y,N,Y,N,N,N,N,N,N,N,N,N,N,P/N, 0,128,128,140, 36, 4.8, 9.7, 0.0, 0.000, 6.6, 0.031, 0.000, 9.7,
00:00:00,   0,  0, 98,  0, 98,  0, 72,  0,115, 69,115,   4,  0,23, 0, 2502, 0.000, 0.00,  0,N,N,Y,N,Y,N,N,N,N,N,N,N,N,N,N,P/N, 0,128,128,140, 27, 4.8, 9.7, 0.0, 0.000, 6.6, 0.031, 0.000, 9.7,
00:00:00,   0,  0, 98,  0, 98,  0, 72,  0,115, 69,115,   4,  0,23, 0, 2502, 0.000, 0.00,  0,N,N,Y,N,Y,N,N,N,N,N,N,N,N,N,N,P/N, 0,128,128,140, 17, 4.8, 9.6, 0.0, 0.000, 6.6, 0.031, 0.000, 9.6,
00:00:00,   0,  0, 98,  0, 98,  0, 72,  0,115, 69,115,   4,  0,23, 0, 2502, 0.000, 0.00,  0,N,N,Y,N,Y,N,N,N,N,N,N,N,N,N,N,P/N, 0,128,128,140,  8, 4.8, 9.6, 0.0, 0.000, 6.6, 0.031, 0.000, 9.6,
00:00:00,   0,  0, 98,  0, 98,  0, 72,  0,115, 69,115,   4,  0,23, 0, 2502, 0.000, 0.00,  0,N,N,Y,N,Y,N,N,N,N,N,N,N,N,N,N,P/N, 0,128,128,140,  1, 4.8, 9.6, 0.0, 0.000, 6.6, 0.031, 0.000, 9.6,
00:00:00,   0,  0, 98,  0, 98,  0, 72,  0,115, 69,115,   4,  0,23, 0, 2502, 0.000, 0.00,  0,N,N,Y,N,Y,N,N,N,N,N,N,N,N,N,N,P/N, 0,128,128,140, 11, 4.8, 9.6, 0.0, 0.000, 6.6, 0.031, 0.000, 9.6,
00:00:00,   0,  0, 98,  0, 98,  0, 72,  0,115, 69,115,   4,  0,23, 0, 2502, 0.000, 0.00,  0,N,N,Y,N,Y,N,N,N,N,N,N,N,N,N,N,P/N, 0,128,128,140, 20, 4.8, 9.6, 0.0, 0.000, 6.6, 0.031, 0.000, 9.6,
00:00:00,   0,  0, 98,  0, 98,  0, 72,  0,115, 69,115,   4,  0,23, 0, 2502, 0.000, 0.00,  0,N,N,Y,N,Y,N,N,N,N,N,N,N,N,N,N,P/N, 0,128,128,140, 29, 4.8, 9.6, 0.0, 0.000, 6.6, 0.031, 0.000, 9.6,
00:00:00,   0,  0, 98,  0, 98,  0, 72,  0,115, 69,115,   4,  0,23, 0, 2502, 0.000, 0.00,  0,N,N,Y,N,Y,N,N,N,N,N,N,N,N,N,N,P/N, 0,128,128,140, 39, 4.8, 9.6, 0.0, 0.000, 6.6, 0.031, 0.000, 9.6,
00:00:00,   0,  0, 98,  0, 98,  0, 72,  0,115, 69,115, 460,  0,23, 0, 2502, 0.000, 0.00,  0,N,N,Y,N,Y,N,N,N,N,N,N,N,N,N,N,P/N, 0,128,128,140, 48, 4.8, 9.6, 0.0, 0.000, 6.6, 0.031, 0.000, 9.6,
00:00:00,   0,  0, 98,  0, 98,  0, 72,  0,115, 69,115,   4,  0,23, 0, 2502, 0.000, 0.00,  0,N,N,Y,N,Y,N,N,N,N,N,N,N,N,N,N,P/N, 0,128,128,140, 58, 4.8, 9.6, 0.0, 0.000, 6.6, 0.031, 0.000, 9.6,
00:00:00,   0,  0, 98,  0, 98,  0, 72,  0,115, 69,115,   4,  0,23, 0, 2502, 0.000, 0.00,  0,N,N,Y,N,Y,N,N,N,N,N,N,N,N,N,N,P/N, 0,128,128,140, 67, 4.8, 9.6, 0.0, 0.000, 6.6, 0.031, 0.000, 9.6,
00:00:00,   0,  0, 98,  0, 98,  0, 72,  0,115, 69,115,   4,  0,23, 0, 2502, 0.000, 0.00,  0,N,N,Y,N,Y,N,N,N,N,N,N,N,N,N,N,P/N, 0,128,128,140, 76, 4.8, 9.6, 0.0, 0.000, 6.6, 0.031, 0.000, 9.6,
00:00:00,   0,  0, 98,  0, 98,  0, 72,  0,115, 69,115,   4,  0,23, 0, 2502, 0.000, 0.00,  0,N,N,Y,N,Y,N,N,N,N,N,N,N,N,N,N,P/N, 0,128,128,140, 86, 4.8, 9.6, 0.0, 0.000, 6.6, 0.031, 0.000, 9.6,
00:00:00,   0,  0, 98,  0, 98,  0, 72,  0,115, 69,115,   4,  0,23, 0, 2502, 0.000, 0.00,  0,N,N,Y,N,Y,N,N,N,N,N,N,N,N,N,N,P/N, 0,128,128,140, 95, 4.8, 9.6, 0.0, 0.000, 6.6, 0.031, 0.000, 9.6,
00:00:00,   0,  0, 98,  0, 98,  0, 72,  0,115, 69,115,   4,  0,23, 0, 2502, 0.000, 0.00,  0,N,N,Y,N,Y,N,N,N,N,N,N,N,N,N,N,P/N, 0,128,128,140,104, 4.8, 9.6, 0.0, 0.000, 6.6, 0.031, 0.000, 9.6,
00:00:00,   0,  0, 98,  0, 98,  0, 72,  0,115, 69,115,   4,  0,23, 0, 2502, 0.000, 0.00,  0,N,N,Y,N,Y,N,N,N,N,N,N,N,N,N,N,P/N, 0,128,128,140,114, 4.8, 9.6, 0.0, 0.000, 6.6, 0.031, 0.000, 9.6,
00:00:00,   0,  0, 98,  0, 98,  0, 72,  0,115, 69,115,   4,  0,23, 0, 2502, 0.000, 0.00,  0,N,N,Y,N,Y,N,N,N,N,N,N,N,N,N,N,P/N, 0,128,128,140,123, 4.8, 9.6, 0.0, 0.000, 6.6, 0.031, 0.000, 9.6,
00:00:00,   0,  0, 98,  0, 98,  0, 72,  0,115, 69,115,   4,  0,23, 0, 2502, 0.000, 0.00,  0,N,N,Y,N,Y,N,N,N,N,N,N,N,N,N,N,P/N, 0,128,128,140,132, 4.8, 9.6, 0.0, 0.000, 6.6, 0.031, 0.000, 9.6,
00:00:00,   0,  0, 98,  0, 98,  0, 72,  0,115, 69,115,   4,  0,23, 0, 2502, 0.000, 0.00,  0,N,N,Y,N,Y,N,N,N,N,N,N,N,N,N,N,P/N, 0,128,128,140,142, 4.8, 9.6, 0.0, 0.000, 6.6, 0.031, 0.000, 9.6,
00:00:00,   0,  0, 98,  0, 98,  0, 72,  0,115, 69,115,   4,  0,23, 0, 2502, 0.000, 0.00,  0,N,N,Y,N,Y,N,N,N,N,N,N,N,N,N,N,P/N, 0,128,128,140,143, 4.8, 9.6, 0.0, 0.000, 6.6, 0.031, 0.000, 9.6,
00:00:00,   0,  0, 98,  0, 98,  0, 72,  0,115, 69,115,   4,  0,23, 0, 2502, 0.000, 0.00,  0,N,N,Y,N,Y,N,N,N,N,N,N,N,N,N,N,P/N, 0,128,128,140,143, 4.8, 9.6, 0.0, 0.000, 6.6, 0.031, 0.000, 9.6,
00:00:00,   0,  0, 98,  0, 98,  0, 72,  0,115, 69,115,   4,  0,23, 0, 2502, 0.000, 0.00,  0,N,N,Y,N,Y,N,N,N,N,N,N,N,N,N,N,P/N, 0,128,128,140,143, 4.8, 9.6, 0.0, 0.000, 6.6, 0.031, 0.000, 9.6,
00:00:00,   0,  0, 98,  0, 98,  0, 72,  0,115, 69,115,   4,  0,23, 0, 2502, 0.000, 0.00,  0,N,N,Y,N,Y,N,N,N,N,N,N,N,N,N,N,P/N, 0,128,128,140,143, 4.8, 9.6, 0.0, 0.000, 6.6, 0.031, 0.000, 9.6,
00:00:00,   0,  0, 98,  0, 98,  0, 72,  0,115, 69,115,   4,  0,23, 0, 2502, 0.000, 0.00,  0,N,N,Y,N,Y,N,N,N,N,N,N,N,N,N,N,P/N, 0,128,128,140,143, 4.8, 9.6, 0.0, 0.000, 6.6, 0.031, 0.000, 9.6,
00:00:00,   0,  0, 98,  0, 98,  0, 72,  0,115, 69,115,   4,  0,23, 0, 2502, 0.000, 0.00,  0,N,N,Y,N,Y,N,N,N,N,N,N,N,N,N,N,P/N, 0,128,128,140,143, 4.8, 9.6, 0.0, 0.000, 6.6, 0.031, 0.000, 9.6,
00:00:00,   0,  0, 98,  0, 98,  0, 72,  0,115, 69,115, 460,  0,23, 0, 2502, 0.000, 0.00,  0,N,N,Y,N,Y,N,N,N,N,N,N,N,N,N,N,P/N, 0,128,128,140,143, 4.8, 9.6, 0.0, 0.000, 6.6, 0.031, 0.000, 9.6,
00:00:00,   0,  0, 98,  0, 98,  0, 72,  0,115, 69,115,   4,  0,23, 0, 2502, 0.000, 0.00,  0,N,N,Y,N,Y,N,N,N,N,N,N,N,N,N,N,P/N, 0,128,128,140,143, 4.8, 9.6, 0.0, 0.000, 6.6, 0.031, 0.000, 9.6,
00:00:00,   0,  0, 98,  0, 98,  0, 72,  0,115, 69,115,   4,  0,23, 0, 2502, 0.000, 0.00,  0,N,N,Y,N,Y,N,N,N,N,N,N,N,N,N,N,P/N, 0,128,128,140,143, 4.8, 9.6, 0.0, 0.000, 6.6, 0.031, 0.000, 9.6,
00:00:00,   0,  0, 98,  0, 98,  0, 72,  0,115, 69,115,   4,  0,23, 0, 2502, 0.000, 0.00,  0,N,N,Y,N,Y,N,N,N,N,N,N,N,N,N,N,P/N, 0,128,128,140,143, 4.8, 9.6, 0.0, 0.000, 6.6, 0.031, 0.000, 9.6,
00:00:00,   0,  0, 98,  0, 98,  0, 72,  0,115, 69,115,   4,  0,23, 0, 2502, 0.000, 0.00,  0,N,N,Y,N,Y,N,N,N,N,N,N,N,N,N,N,P/N, 0,128,128,140,143, 4.8, 9.6, 0.0, 0.000, 6.6, 0.031, 0.000, 9.6,
00:00:00,   0,  0, 98,  0, 98,  0, 72,  0,115, 69,115,   4,  0,23, 0, 2502, 0.000, 0.00,  0,N,N,Y,N,Y,N,N,N,N,N,N,N,N,N,N,P/N, 0,128,128,140,143, 4.8, 9.6, 0.0, 0.000, 6.6, 0.031, 0.000, 9.6,
00:00:00,   0,  0, 98,  0, 98,  0, 72,  0,115, 69,115,   4,  0,23, 0, 2502, 0.000, 0.00,  0,N,N,Y,N,Y,N,N,N,N,N,N,N,N,N,N,P/N, 0,128,128,140,143, 4.8, 9.6, 0.0, 0.000, 6.6, 0.031, 0.000, 9.6,
00:00:00,   0,  0, 98,  0, 98,  0, 72,  0,115, 69,115,   4,  0,23, 0, 2502, 0.000, 0.00,  0,N,N,Y,N,Y,N,N,N,N,N,N,N,N,N,N,P/N, 0,128,128,140,143, 4.8, 9.6, 0.0, 0.000, 6.6, 0.031, 0.000, 9.6,
00:00:00,   0,  0, 98,  0, 98,  0, 72,  0,115, 69,115,   4,  0,23, 0, 2502, 0.000, 0.00,  0,N,N,Y,N,Y,N,N,N,N,N,N,N,N,N,N,P/N, 0,128,128,140,143, 4.8, 9.6, 0.0, 0.000, 6.6, 0.031, 0.000, 9.6,
00:00:00,   0,  0, 98,  0, 98,  0, 72,  0,115, 69,115,   4,  0,23, 0, 2502, 0.000, 0.00,  0,N,N,Y,N,Y,N,N,N,N,N,N,N,N,N,N,P/N, 0,128,128,140,143, 4.8, 9.6, 0.0, 0.000, 6.6, 0.031, 0.000, 9.6,
00:00:00,   0,  0, 98,  0, 98,  0, 72,  0,115, 69,115,   4,  0,23, 0, 2502, 0.000, 0.00,  0,N,N,Y,N,Y,N,N,N,N,N,N,N,N,N,N,P/N, 0,128,128,140,143, 4.8, 9.6, 0.0, 0.000, 6.6, 0.031, 0.000, 9.6,
00:00:00,   0,  0, 98,  0, 98,  0, 72,  0,115, 69,115,   4,  0,23, 0, 2502, 0.000, 0.00,  0,N,N,Y,N,Y,N,N,N,N,N,N,N,N,N,N,P/N, 0,128,128,140,143, 4.8, 9.6, 0.0, 0.000, 6.6, 0.031, 0.000, 9.6,
00:00:00,   0,  0, 98,  0, 98,  0, 72,  0,115, 69,115, 460,  0,23, 0, 2502, 0.000, 0.00,  0,N,N,Y,N,Y,N,N,N,N,N,N,N,N,N,N,P/N, 0,128,128,140,143, 4.8, 9.6, 0.0, 0.000, 6.6, 0.031, 0.000, 9.6,
00:00:00,   0,  0, 98,  0, 98,  0, 72,  0,115, 69,115,   4,  0,23, 0, 2502, 0.000, 0.00,  0,N,N,Y,N,Y,N,N,N,N,N,N,N,N,N,N,P/N, 0,128,128,140,143, 4.8, 9.6, 0.0, 0.000, 6.6, 0.031, 0.000, 9.6,
00:00:00,   0,  0, 98,  0, 98,  0, 72,  0,115, 69,115,   4,  0,23, 0, 2502, 0.000, 0.00,  0,N,N,Y,N,Y,N,N,N,N,N,N,N,N,N,N,P/N, 0,128,128,140,143, 4.8, 9.6, 0.0, 0.000, 6.6, 0.031, 0.000, 9.6,
00:00:00,   0,  0, 98,  0, 98,  0, 72,  0,115, 69,115,   4,  0,23, 0, 2502, 0.000, 0.00,  0,N,N,Y,N,Y,N,N,N,N,N,N,N,N,N,N,P/N, 0,128,128,140,143, 4.8, 9.6, 0.0, 0.000, 6.6, 0.031, 0.000, 9.6,
00:00:00,   0,  0, 98,  0, 98,  0, 72,  0,115, 69,115,   4,  0,23, 0, 2502, 0.000, 0.00,  0,N,N,Y,N,Y,N,N,N,N,N,N,N,N,N,N,P/N, 0,128,128,140,143, 4.8, 9.6, 0.0, 0.000, 6.6, 0.031, 0.000, 9.6,
00:00:00,   0,  0, 98,  0, 98,  0, 72,  0,115, 69,115,   4,  0,23, 0, 2502, 0.000, 0.00,  0,N,N,Y,N,Y,N,N,N,N,N,N,N,N,N,N,P/N, 0,128,128,140,143, 4.8, 9.6, 0.0, 0.000, 6.6, 0.031, 0.000, 9.6,
00:00:00,   0,  0, 98,  0, 98,  0, 72,  0,115, 69,115,   4,  0,23, 0, 2502, 0.000, 0.00,  0,N,N,Y,N,Y,N,N,N,N,N,N,N,N,N,N,P/N, 0,128,128,140,143, 4.8, 9.6, 0.0, 0.000, 6.6, 0.031, 0.000, 9.6,
00:00:00,   0,  0, 98,  0, 98,  0, 72,  0,115, 69,115,   4,  0,23, 0, 2502, 0.000, 0.00,  0,N,N,Y,N,Y,N,N,N,N,N,N,N,N,N,N,P/N, 0,128,128,140,143, 4.8, 9.6, 0.0, 0.000, 6.6, 0.031, 0.000, 9.6,
00:00:00,   0,  0, 98,  0, 98,  0, 72,  0,115, 69,115,   4,  0,23, 0, 2502, 0.000, 0.00,  0,N,N,Y,N,Y,N,N,N,N,N,N,N,N,N,N,P/N, 0,128,128,140,143, 4.8, 9.6, 0.0, 0.000, 6.6, 0.031, 0.000, 9.6,
00:00:00,   0,  0, 98,  0, 98,  0, 72,  0,115, 69,115,   4,  0,23, 0, 2502, 0.000, 0.00,  0,N,N,Y,N,Y,N,N,N,N,N,N,N,N,N,N,P/N, 0,128,128,140,143, 4.8, 9.6, 0.0, 0.000, 6.6, 0.031, 0.000, 9.6,
00:00:00,   0,  0, 98,  0, 98,  0, 72,  0,115, 69,115,   4,  0,23, 0, 2502, 0.000, 0.00,  0,N,N,Y,N,Y,N,N,N,N,N,N,N,N,N,N,P/N, 0,128,128,140,143, 4.8, 9.6, 0.0, 0.000, 6.6, 0.031, 0.000, 9.6,
00:00:00,   0,  0, 98,  0, 98,  0, 72,  0,115, 69,115,   4,  0,23, 0, 2502, 0.000, 0.00,  0,N,N,Y,N,Y,N,N,N,N,N,N,N,N,N,N,P/N, 0,128,128,140,143, 4.8, 9.6, 0.0, 0.000, 6.6, 0.031, 0.000, 9.6,
00:00:00,   0,  0, 98,  0, 98,  0, 72,  0,115, 69,115, 460,  0,23, 0, 2502, 0.000, 0.00,  0,N,N,Y,N,Y,N,N,N,N,N,N,N,N,N,N,P/N, 0,128,128,140,143, 4.8, 9.6, 0.0, 0.000, 6.6, 0.031, 0.000, 9.6,
